acc_rating;amen;bed_type;cancel_policy;checkin_rating;cleanliness_rating;communication_rating;guest_sat;hosting_id;instant_book;is_superhost;loc_rating;lat;lon;page;person_cap;pic_count;room_type;saved_to_wishlist_count;value_rating;rev_count;price
10;[1, 2, 4, 30, 35, 36, 37, 39, 40, 41, 42, 43, 44, 45, 46, 47, 49, 50];Real Bed;4;10;10;10;98;14990478;True;True;10;37.73095438733193;-122.44468757633973;p3;2;14;Entire home/apt;1184;10;30;95.0
10;[1, 3, 4, 5, 7, 8, 9, 14, 15, 21, 25, 30, 31, 33, 34, 35, 39, 40, 41, 42, 43, 44, 47];Real Bed;4;9;10;9;93;15843462;True;False;10;37.78260811882245;-122.39857576898734;p3;2;10;Entire home/apt;168;10;6;150.0
10;[1, 2, 5, 15, 21, 30, 31, 35, 40, 41, 43, 44, 45, 46];Real Bed;5;10;10;10;100;13884730;True;False;10;37.79152502340709;-122.40660661410259;p3;2;10;Entire home/apt;231;10;3;90.0
10;[1, 4, 8, 21, 30, 33, 34, 40, 41, 49, 50];Real Bed;3;10;10;10;96;15675790;True;False;10;37.787260446686616;-122.4077762049608;p3;2;4;Entire home/apt;243;10;11;90.0
;[1, 4, 8, 21, 30, 31, 33, 34, 36, 40, 47];Real Bed;5;;;;;16530282;True;False;;37.765707813923605;-122.46588784965068;p3;2;11;Entire home/apt;73;;0;99.0
;[4, 8, 30, 31, 33, 34, 40, 41, 44, 49];Real Bed;5;;;;;16189105;False;False;;37.76987154709416;-122.44939605799924;p3;2;6;Entire home/apt;95;;0;75.0
9;[3, 4, 8, 9, 30, 33, 34, 35, 36, 37, 39, 40, 41, 49, 50];Real Bed;4;10;9;10;92;3759246;True;False;9;37.75574653336642;-122.47916842783397;p3;2;8;Entire home/apt;700;9;119;99.0
9;[1, 8, 21, 31, 33, 34, 35, 40, 44, 45, 49];Real Bed;3;9;9;9;87;13469139;True;False;8;37.79899209296748;-122.4049618690178;p3;2;9;Entire home/apt;83;9;11;125.0
9;[1, 2, 3, 4, 8, 30, 31, 33, 34, 35, 39, 40, 41, 43, 44, 45, 46, 47];Real Bed;5;10;10;10;93;9315872;True;False;10;37.77430521618861;-122.46600180720752;p3;2;16;Entire home/apt;918;9;94;119.0
9;[3, 4, 8, 31, 44, 45, 47, 49, 50];Real Bed;5;9;8;9;81;15659311;True;False;9;37.795332471651186;-122.40763309981558;p3;2;16;Entire home/apt;247;9;17;138.0
10;[4, 8, 9, 30, 31, 33, 34, 35, 36, 37, 38, 39, 40, 41, 43, 44, 45, 46, 47, 50, 57];Real Bed;3;10;10;10;96;10930490;False;True;9;37.720011611606665;-122.39249009291763;p3;2;14;Entire home/apt;1631;10;77;85.0
10;[1, 3, 4, 8, 9, 30, 31, 35, 40, 41];Real Bed;5;10;10;10;94;14013818;False;False;10;37.75827964765693;-122.48713024840372;p3;2;25;Entire home/apt;530;9;50;89.0
10;[1, 4, 8, 12, 30, 31, 33, 34, 35, 36, 40, 42, 44, 47, 50];Real Bed;3;10;10;10;100;16274990;True;False;10;37.75329568500689;-122.45565849937844;p3;2;8;Entire home/apt;27;9;3;100.0
10;[1, 2, 3, 4, 8, 12, 30, 33, 34, 35, 36, 39, 40, 41, 43, 44, 45, 46, 47, 49, 50];Real Bed;4;10;10;10;96;11305038;True;True;10;37.76478823170935;-122.43645394074738;p3;2;17;Entire home/apt;341;10;95;125.0
10;[1, 2, 3, 4, 8, 30, 31, 33, 34, 35, 36, 37, 40, 41, 44, 45, 46, 47];Real Bed;5;10;9;10;100;7302136;False;False;10;37.76515704945544;-122.44657635846562;p3;3;11;Entire home/apt;59;10;6;99.0
10;[3, 4, 6, 9, 30, 31, 33, 34, 35, 36, 40, 41, 44, 45, 46, 47];Real Bed;5;10;10;10;97;13512337;False;False;10;37.747085754917116;-122.41236699756294;p3;2;15;Entire home/apt;277;10;39;120.0
9;[4, 8, 28, 30, 35, 36, 37, 38, 39, 40, 41, 43, 44, 45, 46, 47, 49, 50, 57];Real Bed;5;10;9;10;92;6985131;True;False;9;37.7199767847491;-122.45718838337551;p3;1;10;Entire home/apt;167;10;27;79.0
10;[3, 4, 8, 30, 33, 34, 35, 36, 37, 39, 40, 41, 43, 44, 45, 46, 47];Real Bed;5;10;10;10;97;13026352;True;True;10;37.72389080389543;-122.46430308478448;p3;2;33;Entire home/apt;527;10;68;98.0
10;[1, 2, 3, 4, 8, 30, 31, 33, 34, 35, 36, 37, 38, 39, 40, 41, 43, 44, 45, 46, 47, 57];Real Bed;4;10;10;10;94;24723;False;True;10;37.78716464559002;-122.43386112927003;p3;4;19;Entire home/apt;1660;9;179;170.0
10;[1, 4, 8, 30, 31, 39, 40, 41, 44, 46, 47];Real Bed;3;10;9;10;94;13641058;True;False;10;37.802199198649504;-122.4126844951876;p3;2;12;Entire home/apt;201;10;14;160.0
10;[1, 3, 4, 5, 8, 30, 31, 33, 34, 35, 36, 40, 41, 47];Real Bed;3;10;10;10;100;16207388;True;False;10;37.77218917141947;-122.43271503465618;p3;4;8;Entire home/apt;90;10;1;275.0
10;[1, 3, 4, 8, 30, 35, 39, 40, 41, 44, 47, 49, 50];Real Bed;4;10;8;10;85;7811596;False;False;10;37.77465133333308;-122.4498610146491;p3;4;22;Entire home/apt;325;9;8;169.0
10;[1, 3, 4, 8, 30, 31, 35, 36, 37, 39, 40, 41, 43, 44, 45, 46, 47, 50];Real Bed;5;10;10;10;100;5549826;True;True;10;37.76402567830537;-122.43560835180823;p3;2;19;Entire home/apt;3227;10;151;170.0
10;[4, 8, 30, 35, 36, 37, 38, 39, 40, 41, 43, 44, 45, 46, 47, 50];Real Bed;5;10;10;10;99;9347891;False;True;10;37.774215329393314;-122.46773239051605;p3;3;17;Entire home/apt;3317;10;73;135.0
10;[1, 2, 3, 4, 8, 30, 31, 35, 39, 40, 44, 45, 46, 47, 57];Real Bed;4;10;9;10;94;713877;True;False;10;37.76369466514492;-122.45303727508765;p3;5;32;Entire home/apt;5749;9;300;145.0
10;[1, 4, 8, 35, 40, 42, 44, 49, 50];Real Bed;5;10;10;10;96;14991676;False;False;10;37.77205464772654;-122.43207394884581;p3;2;16;Entire home/apt;19;9;5;170.0
10;[1, 3, 4, 8, 30, 35, 36, 37, 40];Real Bed;3;10;6;10;80;16742323;False;False;10;37.76105661430175;-122.42121843853504;p3;4;4;Entire home/apt;86;8;1;113.0
9;[4, 8, 21, 30, 33, 34, 35, 36, 40, 41, 42, 44, 45, 46, 47, 49, 50];Real Bed;3;10;10;10;100;16756100;False;False;10;37.79280796256811;-122.43308375009555;p3;2;18;Entire home/apt;23;8;2;145.0
10;[1, 3, 4, 5, 6, 8, 14, 15, 21, 28, 30, 31, 33, 34, 35, 36, 37, 38, 39, 40, 41, 43, 44, 45, 46, 47, 57];Real Bed;4;10;10;10;100;15941939;False;True;10;37.776411099091554;-122.41459759510859;p3;2;33;Entire home/apt;42;9;7;195.0
10;[1, 3, 4, 8, 28, 30, 33, 34, 35, 36, 41, 44, 45, 46, 50];Real Bed;5;10;10;10;100;1940895;False;False;10;37.78616034955465;-122.4394916152455;p3;2;11;Entire home/apt;52;10;5;150.0
10;[1, 2, 3, 4, 8, 12, 30, 31, 35, 36, 37, 39, 40, 41, 43, 44, 45, 46, 47];Real Bed;5;10;10;10;93;8456859;False;False;9;37.77392204444223;-122.50925050174969;p3;4;24;Entire home/apt;3231;9;78;150.0
10;[3, 4, 8, 17, 18, 30, 35, 36, 37, 39, 40, 41, 43, 44, 45, 46, 47, 49, 50];Real Bed;4;10;10;10;94;3030653;False;False;9;37.767095940316004;-122.42414923159042;p3;2;14;Entire home/apt;3108;9;203;140.0
10;[1, 4, 8, 28, 30, 31, 35, 36, 39, 40, 41, 44, 45];Real Bed;4;10;10;10;99;6852699;False;True;10;37.7637954837298;-122.42544795181182;p3;2;20;Entire home/apt;136;10;22;149.0
10;[1, 4, 8, 15, 21, 30, 33, 34, 35, 40, 41, 44, 45, 46, 47, 49, 50];Real Bed;5;10;10;10;100;16147952;True;False;10;37.77636552701583;-122.42456453474252;p3;2;22;Entire home/apt;70;9;2;250.0
10;[1, 3, 4, 8, 9, 30, 31, 33, 34, 35, 36, 37, 39, 40, 41, 43, 44, 45, 46, 47];Real Bed;4;10;10;10;96;2876562;False;True;10;37.754697847252906;-122.43657572948443;p3;5;14;Entire home/apt;2717;9;193;175.0
10;[1, 2, 3, 4, 8, 15, 17, 18, 27, 30, 31, 35, 36, 40, 44, 45, 46, 47];Real Bed;4;10;9;9;93;2134100;False;False;9;37.78388809323231;-122.50855676227975;p3;2;9;Entire home/apt;2900;9;235;135.0
10;[1, 4, 8, 30, 31, 33, 34, 35, 36, 40, 41, 42, 44, 45, 46, 47];Real Bed;5;10;10;10;98;15086385;False;False;10;37.804402268486776;-122.42313476987907;p3;2;11;Entire home/apt;141;9;17;250.0
10;[1, 3, 4, 6, 8, 14, 15, 21, 30, 31, 33, 34, 35, 36, 40, 41, 43, 44, 45, 46, 47];Real Bed;5;10;10;10;100;11282657;False;True;10;37.77425512763634;-122.41950832965888;p3;3;6;Entire home/apt;67;10;11;220.0
9;[1, 2, 4, 5, 6, 8, 14, 15, 21, 27, 30, 31, 33, 34, 35, 36, 39, 43, 44, 45, 46, 47];Real Bed;3;10;10;9;90;10963158;True;False;10;37.791541430226786;-122.40647660280476;p3;2;9;Entire home/apt;12;9;4;250.0
10;[1, 2, 3, 4, 8, 27, 30, 31, 33, 34, 35, 36, 37, 38, 39, 40, 41, 43, 44, 45, 46, 47];Real Bed;4;10;10;10;98;1970257;False;True;10;37.751140425960045;-122.40785876531595;p3;2;19;Entire home/apt;61;10;9;240.0
10;[1, 4, 5, 8, 30, 33, 34, 35, 36, 37, 40, 41, 43, 44, 45, 46, 47, 49, 50];Real Bed;3;10;10;10;100;14997426;True;False;10;37.79761249198705;-122.43106422715515;p3;2;12;Entire home/apt;15;10;2;250.0
9;[1, 2, 3, 4, 8, 9, 21, 27, 28, 30, 31, 33, 34, 35, 36, 37, 40, 41, 43, 44, 45, 46, 47, 50];Real Bed;5;10;10;10;91;9531201;False;False;8;37.78054107530683;-122.40462265739481;p3;4;11;Entire home/apt;105;8;14;250.0
10;[1, 2, 3, 4, 8, 30, 33, 34, 35, 39, 40, 41, 44, 45, 46];Real Bed;5;10;9;10;93;10923070;False;False;9;37.77447663494232;-122.50519373878461;p3;10;13;Entire home/apt;701;9;64;280.0
10;[1, 3, 4, 8, 30, 33, 34, 35, 36, 39, 40, 44, 46, 47, 49, 50];Real Bed;5;10;10;10;100;3594390;False;False;10;37.757104419922456;-122.39491100097793;p3;3;8;Entire home/apt;5;10;1;264.0
;[1, 3, 4, 8, 15, 21, 30, 33, 34, 35, 36, 39, 40, 41, 44, 45, 46, 47, 49, 50, 57];Real Bed;5;;;;;16529976;True;False;;37.77779275552789;-122.41572093438114;p3;2;4;Entire home/apt;1;;0;249.0
10;[1, 3, 4, 6, 8, 21, 27, 30, 33, 34, 35, 36, 37, 38, 39, 40, 41, 43, 44, 45, 46, 47, 49, 50];Real Bed;4;10;10;10;100;7180020;True;True;9;37.77944945081055;-122.40381586283259;p3;3;23;Entire home/apt;872;10;85;269.0
10;[3, 4, 8, 30, 35, 36, 39, 40, 41, 43, 44, 45, 46, 47, 49, 50];Real Bed;4;10;10;10;95;10586068;False;False;9;37.75845745886824;-122.40866539981121;p3;4;10;Entire home/apt;482;9;31;250.0
10;[1, 3, 4, 8, 9, 25, 27, 31, 33, 34, 35, 36, 37, 38, 40, 41, 43, 44, 45, 46, 47, 50];Real Bed;5;9;10;10;97;9089697;False;True;10;37.79808734912937;-122.4321861171226;p3;4;16;Entire home/apt;403;10;22;300.0
10;[1, 2, 3, 4, 8, 11, 12, 21, 27, 28, 30, 31, 33, 34, 35, 36, 37, 39, 40, 41];Real Bed;3;10;9;10;96;232492;False;False;9;37.79064927907777;-122.41827987081314;p3;4;15;Entire home/apt;692;9;133;259.0
10;[1, 2, 3, 4, 8, 30, 33, 34, 35, 36, 37, 39, 40, 41, 43, 44, 45, 46, 47, 49, 50];Real Bed;4;10;10;10;100;6092049;False;True;10;37.75607601777165;-122.43801135995676;p3;2;41;Entire home/apt;720;10;126;248.0
10;[1, 3, 4, 8, 21, 30, 31, 33, 34, 35, 36, 37, 38, 40, 41, 43, 44, 45, 46, 47];Airbed;5;10;10;10;100;14861363;False;True;9;37.7789219043482;-122.41216559854456;p3;3;5;Entire home/apt;126;10;10;253.0
10;[2, 3, 27, 35, 39];Real Bed;3;10;10;10;100;11534020;False;False;10;37.76178733788571;-122.39014919505286;p3;1;1;Entire home/apt;0;10;1;290.0
10;[3, 4, 8, 27, 28, 30, 31, 33, 34, 35, 36, 37, 39, 40, 41, 43, 44, 45, 46, 47];Real Bed;5;10;10;10;96;10126716;False;False;10;37.775075933621004;-122.44397582316178;p3;6;14;Entire home/apt;97;9;21;500.0
;[1, 2, 3, 4, 5, 8, 14, 15, 21, 30, 31, 33, 34, 35, 36, 37, 38, 39, 40, 41, 42, 44, 45, 46, 47, 50];Real Bed;3;;;;;16620739;False;False;;37.79067614270082;-122.39688445413915;p3;6;27;Entire home/apt;35;;0;318.0
;[1, 2, 3, 4, 8, 30, 31, 33, 34, 35, 36, 39, 40, 41, 44, 45, 47, 57];Real Bed;4;;;;;16707105;False;False;;37.77560913254086;-122.43116995629805;p3;8;14;Entire home/apt;6;;0;500.0
10;[1, 2, 3, 4, 8, 9, 28, 30, 33, 34, 35, 36, 39, 40, 47];Real Bed;4;10;10;10;100;6591918;False;False;10;37.772949496736786;-122.44696913608124;p3;4;19;Entire home/apt;23;10;2;389.0
10;[1, 4, 5, 8, 15, 21, 27, 30, 31, 33, 34, 35, 36, 40, 41, 42, 44, 45, 46];Real Bed;3;10;10;10;100;13879420;True;False;10;37.78786861519367;-122.40293854092558;p3;4;9;Entire home/apt;6;10;1;450.0
10;[3, 4, 6, 7, 8, 15, 21, 25, 30, 33, 34, 35, 36, 40, 44];Real Bed;5;9;9;10;92;1515494;False;False;10;37.784848816171625;-122.40004347551594;p3;4;13;Entire home/apt;324;9;52;350.0
10;[1, 3, 4, 8, 30, 35, 36, 39, 40, 41];Real Bed;5;10;10;10;95;7807841;True;False;9;37.77470342764225;-122.44298782636714;p3;2;22;Entire home/apt;29;10;6;400.0
10;[1, 2, 3, 4, 5, 8, 28, 30, 31, 33, 34, 35, 36, 37, 38, 39, 40, 41, 43, 44, 45, 46, 47];Real Bed;4;10;10;10;98;10752160;False;True;10;37.79572893801928;-122.43572280110386;p3;4;33;Entire home/apt;68;10;10;395.0
9;[1, 2, 3, 4, 5, 6, 8, 11, 12, 14, 15, 16, 17, 18, 19, 20, 21, 28, 30, 31, 33, 34, 35, 36, 37, 38, 39, 40, 41, 42, 43, 44, 45, 46, 47, 56, 57];Real Bed;5;9;9;9;97;16350039;True;False;10;37.77823933140659;-122.41510259503677;p3;8;23;Entire home/apt;219;9;7;349.0
10;[1, 2, 3, 4, 8, 9, 17, 18, 30, 31, 33, 34, 35, 36, 37, 39, 40, 41, 43, 44, 45, 46, 47, 57];Real Bed;5;10;10;10;100;8598197;False;True;10;37.797765705803464;-122.42479461815351;p3;10;79;Entire home/apt;171;10;10;700.0
10;[1, 3, 4, 8, 30, 31, 36, 39, 40, 41, 43, 44, 45, 46, 47];Real Bed;3;10;10;10;90;10527674;True;False;10;37.776111994068756;-122.4267279462395;p3;5;19;Entire home/apt;17;10;2;1250.0
10;[1, 3, 4, 8, 9, 12, 17, 18, 30, 31, 33, 34, 35, 36, 39, 40, 41, 44, 45, 46, 47];Real Bed;5;10;9;10;97;13842576;False;False;9;37.74379515716656;-122.40763296584895;p3;4;29;Entire home/apt;93;10;7;400.0
10;[1, 2, 4, 8, 9, 27, 30, 31, 33, 34, 41, 45];Real Bed;5;10;10;10;100;8482537;False;False;10;37.79951240909173;-122.44022039789893;p3;4;23;Entire home/apt;30;10;4;400.0
10;[1, 4, 8, 30, 33, 34, 35, 36, 40, 41, 44, 45, 46, 47, 49, 57];Real Bed;5;10;10;10;100;16497710;False;False;10;37.77671485424835;-122.4103254561984;p3;5;17;Entire home/apt;14;10;1;360.0
;[1, 4, 5, 7, 8, 9, 15, 16, 21, 25, 27, 30, 31, 32, 33, 34, 35, 36, 37, 38, 39, 40, 41, 42, 44, 45, 46, 47];Real Bed;3;;;;;16892681;True;False;;37.77654583057636;-122.41673476711834;p3;4;7;Entire home/apt;2;;0;489.0
10;[1, 4, 8, 9, 15, 27, 30, 35, 36, 44, 46, 47, 49, 50];Real Bed;5;10;10;10;100;16083525;False;False;10;37.756034877665634;-122.41120368565832;p3;15;8;Entire home/apt;3;10;1;500.0
10;[1, 2, 3, 4, 5, 8, 9, 25, 30, 31, 33, 34, 35, 36, 37, 39, 40, 41, 43, 44, 45, 46, 47];Real Bed;4;10;10;10;100;7549488;False;False;10;37.76023984879865;-122.39898667479835;p3;6;21;Entire home/apt;18;10;2;525.0
;[1, 4, 8, 17, 19, 21, 27, 30, 33, 34, 35, 36, 37, 38, 39, 40, 41, 44, 45, 46, 47, 49, 50];Real Bed;4;;;;;15130681;False;False;;37.74636246598881;-122.44511936404989;p3;5;8;Entire home/apt;5;;0;375.0
10;[3, 4, 9, 17, 19, 30, 33, 34, 35, 36, 37, 38, 39, 40, 41, 44, 45, 46, 47, 49, 50];Real Bed;5;10;10;10;99;150848;False;True;10;37.7619953856549;-122.39391467062444;p3;2;29;Private room;2121;10;142;75.0
9;[4, 5, 8, 25, 30, 33, 34, 35, 36, 39, 40, 41, 45, 46, 47, 49, 50];Real Bed;3;10;9;10;96;15391873;True;False;10;37.753419811209305;-122.5079304433161;p3;1;20;Private room;138;9;11;63.0
10;[3, 4, 8, 12, 30, 39, 40, 41, 44, 45, 46, 49, 50, 51, 54];Real Bed;3;10;10;10;96;1093088;False;True;10;37.76777714069825;-122.42433816649047;p3;1;17;Private room;3952;10;145;68.0
10;[1, 4, 5, 8, 27, 30, 33, 34, 35, 39, 40, 41, 44, 49, 50, 56];Real Bed;5;9;10;10;100;16631708;False;False;10;37.75649046096114;-122.42110400082305;p3;1;10;Private room;20;9;2;53.0
8;[1, 4, 8, 30, 31, 33, 34, 35, 36, 40, 41, 43, 44, 45, 46, 51, 53];Real Bed;5;10;8;10;80;16447684;True;False;10;37.77252653591216;-122.43128006909357;p3;2;9;Private room;51;8;1;70.0
9;[1, 2, 3, 4, 8, 12, 17, 18, 27, 30, 31, 33, 34, 35, 36, 37, 39, 40, 41, 43, 44, 46, 47];Real Bed;5;10;9;9;91;1633225;False;False;9;37.72545412772756;-122.41889091197282;p3;2;36;Private room;235;9;16;59.0
;[4, 8, 12, 16, 17, 18, 30, 31, 33, 34, 35, 36, 37, 39, 40, 41, 42, 44, 50, 56];Real Bed;3;;;;;16673412;True;False;;37.74171188424417;-122.42751065927143;p3;2;3;Private room;66;;0;59.0
9;[4, 8, 17, 30, 40, 45, 49, 50];Real Bed;4;9;9;9;87;13138137;False;False;8;37.735955911590516;-122.38883819247256;p3;1;13;Private room;119;9;31;61.0
10;[1, 2, 3, 4, 5, 8, 30, 31, 35, 36, 37, 38, 39, 40, 41, 42, 44, 45, 46, 47];Real Bed;4;10;10;10;98;2704229;False;True;9;37.767712194319095;-122.41836915352283;p3;2;5;Private room;164;10;26;66.0
10;[49, 50];Real Bed;3;10;10;10;100;16497229;False;False;10;37.80486903612492;-122.41377248218637;p3;2;6;Private room;82;10;4;67.0
10;[1, 4, 8, 9, 11, 12, 30, 33, 35, 36, 37, 39, 40, 41, 44, 46, 47, 49, 50];Real Bed;3;10;10;10;99;9473338;False;True;10;37.76721709777691;-122.45010839588527;p3;1;10;Private room;287;10;54;60.0
10;[1, 3, 4, 30, 35, 36, 37, 38, 39, 40, 41, 42, 43, 44, 45, 46, 47, 49, 50];Real Bed;5;10;10;10;99;4295573;False;True;9;37.72424110040259;-122.43389757902229;p3;1;5;Private room;253;10;41;49.0
10;[4, 8, 9, 16, 30, 31, 33, 34, 35, 36, 39, 40, 41, 42, 44, 45, 46, 47];Real Bed;3;9;8;10;90;16284479;True;False;9;37.77785197116738;-122.40764269671425;p3;3;4;Private room;35;10;2;80.0
10;[1, 4, 17, 19, 21, 28, 30, 33, 34, 35, 36, 37, 40, 43, 44, 45, 47, 49, 50, 51, 54];Real Bed;5;10;10;10;100;14611180;False;False;10;37.790372803271445;-122.4122904600606;p3;2;8;Private room;145;10;4;75.0
10;[1, 3, 4, 8, 30, 33, 34, 35, 37, 39, 40, 41, 43, 44, 45, 46, 47, 50, 51, 54];Real Bed;3;10;10;10;99;9067632;False;False;10;37.74389699038349;-122.4254731033159;p3;1;24;Private room;332;10;58;76.0
10;[3, 4, 8, 12, 17, 18, 31, 35, 36, 43];Real Bed;3;10;10;10;93;12026856;True;False;10;37.74538810648193;-122.43045950466845;p3;2;6;Private room;905;10;85;85.0
10;[1, 4, 8, 16, 30, 33, 34, 35, 37, 39, 40, 41, 44, 45, 46, 47, 49];Real Bed;4;10;10;10;100;16333539;False;False;10;37.75241526531528;-122.41587968949058;p3;2;13;Private room;144;10;9;59.0
10;[3, 4, 8, 9, 27, 30, 33, 34, 35, 36, 37, 39, 40, 41, 42, 43, 44, 47, 49];Real Bed;4;10;10;10;100;16483113;False;False;10;37.71517262910325;-122.45367220703315;p3;2;9;Private room;31;10;1;79.0
10;[1, 3, 4, 5, 8, 30, 33, 34, 35, 36, 37, 39, 40, 41, 43, 44, 45, 46, 47, 50, 56, 57];Real Bed;4;10;10;10;99;7957587;False;True;10;37.75912537022761;-122.39644165624728;p3;2;7;Private room;152;10;17;155.0
10;[1, 3, 4, 6, 8, 9, 15, 16, 17, 18, 27, 30, 31, 33, 34, 35, 36, 37, 38, 39, 40, 41, 42, 43, 44, 45, 46, 47];Real Bed;4;10;9;10;100;5643083;False;False;10;37.746783547251844;-122.44246429202435;p3;4;16;Private room;56;10;5;170.0
10;[3, 4, 8, 30, 35, 36, 39, 40, 41, 42, 44, 45, 46, 47, 49, 50];Real Bed;4;10;10;10;100;16202617;True;False;10;37.758072138997655;-122.42156037165152;p3;2;7;Private room;13;10;2;150.0
;[1, 3, 4, 7, 8, 14, 15, 18, 21, 25, 30, 33, 34, 35, 36, 40, 41, 42, 43, 44, 45, 46, 47, 49, 50];Real Bed;4;;;;;10126934;False;False;;37.77717043511366;-122.39432481117136;p3;2;13;Private room;26;;0;150.0
10;[3, 4, 6, 8, 15, 21, 28, 30, 33, 34, 35, 36, 40, 41, 44, 45, 46, 47, 49, 50, 51, 54];Real Bed;4;9;10;10;100;15311518;False;False;10;37.77651779696312;-122.41616493137452;p3;2;25;Private room;58;10;7;140.0
10;[3, 4, 8, 21, 30, 33, 34, 35, 36, 41, 44, 47, 49, 50];Real Bed;4;10;10;10;94;15354291;True;False;9;37.7733544481957;-122.42366744936135;p3;2;9;Private room;122;10;10;175.0
10;[1, 3, 4, 8, 30, 33, 34, 35, 36, 37, 40, 41, 42, 43, 44, 45, 46, 47, 49, 50];Real Bed;5;10;9;10;97;14507492;False;True;10;37.78158432428077;-122.44033160145862;p3;2;17;Private room;45;10;6;140.0
10;[1, 2, 3, 4, 21, 30, 31, 33, 34, 35, 36, 37, 39, 40, 41, 42, 43, 44, 45, 46, 47];Real Bed;3;10;10;10;100;16779078;True;False;10;37.78878412078672;-122.4069459450851;p3;4;9;Private room;32;10;1;139.0
10;[1, 3, 4, 5, 8, 16, 27, 30, 31, 33, 34, 35, 36, 37, 38, 39, 40, 41, 43, 44, 45, 46, 47];Real Bed;5;10;10;10;100;8943055;True;True;10;37.767618393863316;-122.43747973509556;p3;2;22;Private room;136;10;17;185.0
9;[1, 2, 3, 4, 5, 8, 9, 11, 17, 18, 27, 28, 30, 31, 33, 34, 35, 36, 37, 38, 39, 40, 41, 42, 43, 44, 45, 46, 47];Real Bed;5;10;10;10;100;10885556;False;True;10;37.74670224965058;-122.43579220488303;p3;2;17;Private room;46;10;7;150.0
10;[3, 4, 5, 6, 8, 12, 14, 15, 16, 21, 27, 28, 30, 31, 32, 33, 34, 35, 36, 40, 41, 42, 43, 44, 45, 46, 47, 50];Real Bed;4;9;10;10;100;3355334;False;False;10;37.77618998217098;-122.41406517659468;p3;2;12;Private room;35;10;4;150.0
10;[1, 2, 4, 14, 21, 30, 31, 33, 34, 35, 40, 41, 43, 44, 45, 46, 47];Real Bed;3;10;10;10;95;9154591;False;False;10;37.78583004453674;-122.40550324701977;p3;2;5;Private room;70;10;16;159.0
10;[1, 3, 4, 8, 15, 21, 28, 30, 33, 34, 35, 36, 38, 40, 43, 44, 46, 47, 49, 50];Real Bed;4;10;10;10;100;12932903;True;True;10;37.77333997239155;-122.41973429459557;p3;1;25;Private room;67;10;18;169.0
10;[1, 2, 3, 4, 8, 16, 30, 31, 33, 34, 35, 36, 37, 38, 39, 40, 41, 42, 43, 44, 45, 46, 47, 56];Real Bed;4;10;10;10;100;10603148;True;False;10;37.79564578826337;-122.41871403144687;p3;2;35;Private room;51;10;11;155.0
10;[1, 2, 4, 5, 8, 17, 18, 30, 31, 33, 34, 35, 39, 40, 41, 44, 45, 46, 50];Real Bed;4;10;9;10;95;8101297;True;False;10;37.80193533001893;-122.44016675535958;p3;2;13;Private room;471;9;106;139.0
10;[4, 5, 7, 8, 14, 15, 16, 21, 25, 30, 33, 34, 35, 36, 37, 40, 41, 42, 44, 45, 46, 47, 49, 50];Real Bed;3;10;10;10;100;15569673;True;False;10;37.7873529247553;-122.39122422019526;p3;2;19;Private room;182;10;8;145.0
10;[1, 3, 4, 8, 17, 19, 30, 33, 34, 35, 36, 40, 41, 43, 45, 46, 47, 49, 50];Pull-out Sofa;3;10;10;10;98;8682945;False;True;10;37.75999396771012;-122.44130285120747;p3;1;13;Private room;49;10;19;140.0
10;[1, 3, 4, 6, 8, 12, 33, 34, 35, 37, 40, 41, 45, 46, 49, 50];Real Bed;4;10;10;10;99;51073;True;True;10;37.771163291931664;-122.42199475971246;p3;2;14;Private room;733;10;127;140.0
9;[3, 4, 8, 30, 35, 36, 40, 43, 44, 49, 50];Real Bed;5;10;9;10;92;13901471;True;False;10;37.770301591887005;-122.45233959089218;p3;2;5;Private room;34;10;13;250.0
10;[1, 3, 4, 7, 8, 15, 21, 25, 30, 33, 34, 35, 40, 41, 50];Real Bed;5;10;9;10;96;13240929;True;True;10;37.77075139491698;-122.39426942156496;p3;4;52;Private room;125;9;45;260.0
10;[1, 2, 3, 4, 5, 8, 16, 27, 28, 30, 33, 34, 35, 36, 37, 38, 39, 40, 41, 42, 43, 44, 45, 46, 47, 49, 50];Real Bed;5;10;10;10;99;1999959;False;True;10;37.803995829066714;-122.4173885102152;p3;2;27;Private room;336;10;79;250.0
10;[1, 2, 3, 4, 8, 9, 16, 17, 18, 27, 30, 33, 34, 35, 36, 37, 38, 39, 40, 41, 44, 45, 46, 47, 49, 50];Real Bed;4;10;10;10;100;6092935;False;False;10;37.7969815368285;-122.44384179838298;p3;3;23;Private room;16;10;8;250.0
;[1, 4, 5, 8, 9, 15, 21, 30, 31, 40, 41, 44, 46];Real Bed;3;;;;;13962795;True;False;;37.788141984850675;-122.41223204320582;p3;4;4;Private room;1;;0;245.0
10;[2, 3, 4, 17, 18, 27, 30, 31, 33, 34, 35, 36, 37, 39, 40, 41, 43, 44, 45, 46, 47];Real Bed;3;10;10;10;100;4644790;False;False;10;37.76461531763316;-122.43325231544551;p3;4;15;Private room;10;10;2;240.0
10;[1, 2, 3, 4, 8, 28, 30, 33, 34, 35, 36, 37, 38, 39, 40, 41, 42, 43, 44, 45, 46, 47, 49, 50, 56];Real Bed;5;10;10;10;100;16548419;False;False;10;37.76069173082936;-122.42806134671255;p3;2;27;Private room;0;10;1;265.0
10;[1, 2, 3, 4, 5, 14, 15, 21, 25, 30, 31, 40, 41, 43, 44, 45, 46, 47];Real Bed;4;10;10;10;98;2468125;False;True;10;37.787159795389314;-122.40983493987348;p3;2;12;Private room;51;10;12;219.0
10;[2, 4, 8, 28, 35, 40, 41];Real Bed;5;10;10;10;100;8274354;True;False;10;37.792913442518035;-122.41726405126055;p3;1;9;Private room;1;10;1;289.0
9;[1, 2, 3, 4, 5, 6, 14, 15, 16, 21, 30, 31, 32, 35, 36, 37, 38, 39, 40, 41, 42, 43, 44, 45, 46, 47];Real Bed;3;8;10;9;87;11460984;True;False;9;37.792459839181326;-122.40073208326346;p3;2;2;Private room;19;9;3;225.0
10;[1, 2, 3, 4, 5, 6, 14, 15, 21, 25, 30, 31, 32, 35, 36, 38, 39, 40, 41];Real Bed;3;10;10;10;95;6883183;False;False;10;37.787223816042555;-122.40955506666711;p3;4;6;Private room;64;10;14;235.0
;[1, 3, 4, 8, 15, 21, 30, 31, 33, 34, 35, 37, 40, 41, 42, 43, 44, 45, 46, 47];Real Bed;3;;;;;5423473;False;False;;37.77190083182083;-122.39020638291775;p3;2;2;Private room;1;;0;210.0
;[4, 8, 21, 30, 33, 34, 35, 36, 39, 40, 41, 42, 44];Real Bed;3;;;;;11106417;True;False;;37.77426255899172;-122.42037838962595;p3;2;5;Private room;11;;0;300.0
10;[3, 4, 8, 21, 27, 28, 30, 33, 34, 35, 36, 37, 38, 39, 40, 41, 42, 44, 45, 46];Real Bed;3;10;10;10;100;11624048;False;False;10;37.766687446226335;-122.42112643744838;p3;2;1;Private room;2;10;2;206.0
10;[4, 8, 16, 30, 31, 33, 34, 35, 36, 40, 41, 42, 44];Real Bed;3;10;10;10;100;14898913;True;False;10;37.72893854638617;-122.38965164410405;p3;9;16;Private room;9;10;1;250.0
;[1, 4, 5, 7, 8, 11, 12, 15, 25, 30, 33, 34, 35, 36, 37, 38, 39, 40, 42, 44, 45, 46, 49, 50];Real Bed;3;;;;;14027250;False;False;;37.80054734453652;-122.44418295712762;p3;1;6;Private room;0;;0;220.0
10;[1, 2, 3, 4, 8, 30, 33, 34, 35, 36, 37, 38, 39, 40, 41, 43, 44, 45, 46, 47, 49, 50];Real Bed;5;10;10;10;100;9256506;False;True;10;37.78800536697598;-122.44228231173125;p3;4;20;Private room;56;10;10;265.0
10;[1, 2, 3, 4, 8, 9, 15, 27, 30, 31, 33, 34, 40, 41, 44, 45, 46, 47];Real Bed;4;10;10;10;100;13936968;False;False;10;37.77832194200257;-122.43282925199375;p3;4;12;Private room;6;9;3;199.0
10;[1, 2, 3, 4, 5, 8, 16, 27, 28, 30, 33, 34, 35, 36, 37, 38, 39, 40, 41, 42, 43, 44, 45, 46, 47, 49, 50];Real Bed;5;10;10;10;98;1857709;False;True;10;37.80354991578601;-122.41873972874149;p3;2;35;Private room;545;10;115;350.0
10;[1, 4, 8, 30, 40, 41, 43, 49, 50, 56, 57];Real Bed;3;10;10;10;100;15284087;False;True;10;37.751758391305884;-122.42388448000192;p3;2;1;Private room;0;10;1;800.0
;[1, 2, 3, 4, 5, 6, 7, 15, 21, 25, 27, 30, 31, 32, 40, 43, 45, 46, 47];Real Bed;3;;;;;10546027;False;False;;37.787197766200634;-122.40942466379992;p3;4;4;Private room;2;;0;500.0
10;[1, 2, 3, 5, 14, 15, 21, 25, 30, 35, 40, 41, 42, 43, 44, 45, 46];Real Bed;5;10;10;10;100;9436713;False;False;10;37.787977502750635;-122.41058531114676;p3;4;5;Private room;0;10;1;700.0
10;[2, 4, 8, 35, 40, 41];Real Bed;4;10;10;10;100;8276435;True;False;10;37.79247953232351;-122.4173653911242;p3;1;7;Private room;1;10;1;359.0
10;[1, 2, 3, 4, 6, 8, 14, 15, 21, 30, 33, 34, 35, 36, 39, 40, 41, 42, 43, 44, 45, 46, 47, 49, 50];Real Bed;3;10;10;10;95;10878643;False;False;10;37.780482422286006;-122.40358444854893;p3;2;8;Private room;28;10;8;450.0
;[1, 4, 8, 9, 16, 30, 33, 35, 36, 37, 39, 40, 41, 44, 46, 47, 49, 50];Real Bed;3;;;;;15275345;False;False;;37.77783303406296;-122.46729171228795;p3;2;7;Private room;1;;0;350.0
;[1, 2, 3, 4, 8, 28, 30, 33, 34, 35, 36, 37, 38, 39, 40, 41, 42, 43, 44, 45, 46, 47, 49, 50];Real Bed;5;;;;;12832388;False;True;;37.77788742798935;-122.42100439911859;p3;2;1;Private room;0;;0;400.0
;[1, 4, 8, 35, 36, 37, 38, 39, 42, 49, 50];Real Bed;3;;;;;15342819;True;False;;37.76234149956661;-122.415249513033;p3;2;6;Private room;0;;0;400.0
;[2, 4, 8, 9, 30, 34, 35, 41, 42, 44, 45, 46, 47];Real Bed;3;;;;;10959676;True;False;;37.7800824478894;-122.44567418269206;p3;2;9;Private room;1;;0;350.0
;[1, 4, 5, 6, 8, 15, 21, 31, 33, 34, 35, 39, 40, 41, 42, 43, 44];Real Bed;5;;;;;16570216;True;False;;37.79036962240226;-122.41733958064009;p3;2;4;Private room;3;;0;315.0
9;[2, 3, 4, 5, 8, 14, 15, 17, 19, 21, 30, 31, 35, 36, 40, 41, 42, 43, 44, 45, 47];Real Bed;5;9;10;10;96;3355288;False;False;10;37.784279308308626;-122.39001574586082;p3;2;3;Private room;55;10;5;315.0
;[];Real Bed;3;;;;;16769052;True;False;;37.77276638921511;-122.40648609360886;p3;1;1;Private room;0;;0;988.0
;[4, 8, 33, 34, 35, 40, 49, 50];Real Bed;3;;;;;15097007;False;False;;37.75746793053055;-122.41259473911285;p3;1;5;Private room;0;;0;350.0
;[];Real Bed;5;;;;;7419046;True;False;;37.788708411697684;-122.4113396980822;p3;2;3;Private room;0;;0;1000.0
10;[4, 14, 16, 17, 18, 27, 28, 30, 31, 35, 36, 37, 38, 39, 40, 41, 44, 45, 46, 47];Real Bed;4;10;10;10;99;9636960;False;True;10;37.774587286439136;-122.4342260050906;p3;3;26;Private room;179;10;25;325.0
10;[1, 3, 4, 5, 8, 9, 30, 33, 34, 35, 36, 37, 38, 39, 40, 41];Real Bed;3;10;10;8;100;7712676;False;False;10;37.78836957371759;-122.43218641692607;p3;2;12;Private room;3;10;1;325.0
10;[1, 3, 4, 8, 9, 27, 30, 31, 33, 34, 35, 36, 39, 40, 41, 43, 44, 45, 46, 47, 50];Real Bed;4;10;10;10;99;725300;False;True;10;37.75934593245228;-122.44437418029759;p3;9;19;Private room;119;10;20;380.0
10;[1, 2, 3, 4, 5, 8, 16, 21, 30, 33, 34, 35, 36, 40, 41, 43, 44, 45, 46, 47, 49];Real Bed;5;9;9;9;93;16162005;True;False;10;37.78634944247264;-122.40841448220861;p3;1;10;Shared room;64;9;3;40.0
10;[3, 4, 8, 30, 33, 34, 36, 37, 39, 40, 41, 43, 44, 45, 46];Real Bed;5;10;10;10;100;15130896;False;True;10;37.775347057036974;-122.46670596471115;p3;1;5;Shared room;45;10;1;55.0
10;[1, 2, 3, 4, 5, 6, 8, 14, 15, 16, 21, 25, 30, 32, 33, 34, 40, 41, 43, 44, 45, 46, 47, 49, 50];Real Bed;3;10;10;10;100;16151231;False;False;10;37.78932116282623;-122.39343832173508;p3;2;7;Shared room;68;10;12;90.0
9;[3, 4, 33, 34, 35, 37, 38, 39, 40, 41, 42, 44, 45, 46, 49, 50];Real Bed;3;10;9;10;91;15833186;False;False;9;37.78765675860338;-122.42047005990392;p3;1;6;Shared room;46;9;7;33.0
9;[3, 4, 5, 6, 8, 14, 15, 21, 30, 33, 34, 35, 36, 37, 38, 39, 40, 41, 42, 43, 44, 45, 46, 47, 49];Real Bed;5;10;10;10;87;16134663;False;False;10;37.78729350978405;-122.41687319793976;p3;1;4;Shared room;50;9;6;44.0
9;[1, 4, 5, 6, 8, 15, 25, 30, 32, 33, 34, 35, 39, 40, 41, 44, 47, 49, 50];Real Bed;5;10;8;10;100;16288478;False;False;10;37.780237520395985;-122.39638293873648;p3;1;8;Shared room;28;10;2;40.0
8;[1, 4, 5, 8, 15, 25, 30, 33, 34, 35, 39, 40, 47, 49, 50];Real Bed;3;10;8;10;80;16687931;True;False;8;37.777220455230896;-122.39806625728914;p3;1;10;Shared room;10;10;1;40.0
;[4, 8, 35, 36, 39, 40, 41, 49];Real Bed;5;;;;;16368004;True;False;;37.79428548709623;-122.40604759550534;p3;1;1;Shared room;20;;0;35.0
9;[1, 3, 4, 5, 8, 15, 16, 17, 18, 30, 33, 34, 35, 37, 40, 41, 51, 54];Real Bed;5;9;9;10;95;8763407;True;True;9;37.7580965110198;-122.41388441647366;p3;1;8;Shared room;247;9;66;55.0
10;[1, 3, 4, 8, 17, 19, 21, 28, 30, 33, 34, 35, 40, 41, 49, 50];Real Bed;4;10;9;10;96;7902889;True;False;10;37.7859400040318;-122.3940883164881;p3;1;17;Shared room;678;10;81;90.0
10;[4, 5, 8, 21, 30, 33, 34, 35, 36, 40, 41, 44, 45, 47, 49, 50];Real Bed;4;10;10;10;100;16394300;False;False;10;37.7812162824711;-122.3931001677797;p3;2;14;Shared room;10;10;3;40.0
10;[1, 3, 4, 8, 9, 25, 30, 33, 34, 35, 36, 40, 41, 42, 43, 44, 45, 46, 47, 49, 50];Real Bed;4;10;9;10;94;12360351;True;True;10;37.71324992791735;-122.46777583195117;p3;1;11;Shared room;84;9;20;70.0
9;[1, 3, 4, 5, 6, 8, 21, 25, 30, 31, 35, 36, 37, 39, 40, 41, 43, 44, 45, 46, 47];Real Bed;4;10;9;10;90;12205354;False;False;9;37.778614688679944;-122.40695082157487;p3;2;7;Shared room;193;9;56;65.0
10;[1, 2, 3, 4, 8, 12, 16, 17, 18, 30, 33, 34, 35, 36, 37, 40, 41, 44, 45, 46, 47, 49, 50];Futon;4;10;10;10;98;1408281;True;True;10;37.76433154219726;-122.43664319932981;p3;1;15;Shared room;669;10;207;75.0
9;[1, 2, 3, 4, 5, 8, 30, 33, 34, 35, 36, 37, 38, 39, 40, 41, 43, 44, 45, 46, 47, 49, 50, 51, 54];Real Bed;3;10;9;10;95;15422181;True;False;10;37.7636364356311;-122.45826233326656;p3;1;14;Shared room;74;9;16;46.0
;[4, 5, 8, 30, 35, 36, 40, 41, 44, 45, 47, 49, 50];Real Bed;5;;;;;15640916;True;False;;37.80019779872274;-122.40728579033052;p3;1;5;Shared room;29;;0;33.0
10;[1, 3, 4, 8, 11, 16, 17, 19, 21, 28, 33, 34, 35, 36, 37, 38, 39, 40, 41, 43, 44, 45, 46, 47, 49, 50];Couch;4;10;9;10;94;8037572;False;False;10;37.77460246173127;-122.42990988636541;p3;2;25;Shared room;233;9;70;85.0
9;[3, 4, 8, 16, 30, 33, 34, 40, 41, 43, 44, 45, 46, 47];Real Bed;3;10;9;10;93;4902444;False;False;10;37.79845075910265;-122.4044534935589;p3;4;19;Shared room;267;9;60;56.0
10;[4, 8, 21, 30, 35, 37, 40, 41, 45, 46, 47, 49];Real Bed;4;10;10;10;100;16606328;True;True;10;37.78464674781669;-122.39971093180318;p3;2;6;Shared room;12;10;1;130.0
9;[4, 7, 8, 12, 15, 16, 21, 25, 30, 33, 34, 41, 44];Real Bed;3;9;9;9;83;15437518;False;False;9;37.78328041189236;-122.39733869026207;p3;2;4;Shared room;28;9;8;120.0
10;[41, 49, 50];Real Bed;3;;10;10;100;15274872;False;False;;37.78420908085562;-122.4213174223643;p3;1;1;Shared room;0;;1;160.0
;[1, 4, 8, 17, 19, 30, 33, 34, 40, 43, 45, 46, 47];Airbed;3;;;;;11080673;False;False;;37.774905053529054;-122.42079792499997;p3;2;4;Shared room;2;;0;200.0
10;[1, 4, 5, 8, 12, 30, 35, 37, 39, 41];Couch;3;8;10;10;100;7712636;False;False;10;37.753398776913556;-122.41734866828752;p3;1;1;Shared room;1;10;1;150.0
;[4, 8, 11, 30, 35, 38, 41, 42, 45, 47, 49, 50];Real Bed;3;;;;;13558325;True;False;;37.7829338002815;-122.47855059994438;p3;2;1;Shared room;0;;0;200.0
;[3, 4, 8, 30, 35, 36, 39, 40, 43];Real Bed;3;;;;;10839934;False;False;;37.77464384161626;-122.43263406757731;p3;2;5;Shared room;1;;0;160.0
10;[1, 2, 4, 8, 16, 30, 35, 36, 37, 40, 41, 44, 45, 46, 47, 49, 50];Pull-out Sofa;4;10;10;10;94;15218896;True;False;10;37.76385096137241;-122.41123894963526;p3;2;8;Shared room;41;10;7;147.0
10;[1, 2, 4, 8, 14, 16, 21, 27, 28, 30, 33, 34, 35, 36, 37, 39, 40, 41, 44, 45, 46, 49, 50];Pull-out Sofa;4;10;10;10;100;8306266;False;True;10;37.77988851656667;-122.40288119587572;p3;1;44;Shared room;15;10;11;155.0
;[4, 8, 40];Real Bed;3;;;;;7419076;False;False;;37.744062161144036;-122.43952566990983;p3;1;1;Shared room;1;;0;120.0
10;[2, 4];Couch;3;10;10;10;100;4170452;False;False;10;37.7738168172506;-122.46966366147751;p3;1;1;Shared room;1;10;1;150.0
10;[4, 5, 8, 30, 33, 34, 35, 37, 40, 41, 42, 45, 47, 49, 50];Real Bed;3;10;10;10;100;15240406;False;False;10;37.77632072567681;-122.43831156713898;p3;1;5;Shared room;1;10;1;155.0
;[1, 2, 4, 8, 9, 17, 18, 27, 28, 30, 33, 34, 35, 37, 39, 40];Airbed;3;;;;;10910543;False;False;;37.78346602987627;-122.44776943523206;p3;2;1;Shared room;0;;0;175.0
9;[1, 4, 5, 8, 12, 30, 31, 33, 34, 35, 37, 40, 41, 44, 45, 46, 47];Real Bed;3;10;9;10;89;14774400;True;False;9;37.79582599083816;-122.41905661665196;p3;2;28;Shared room;25;9;7;160.0
10;[1, 3, 4, 5, 6, 8, 12, 15, 16, 21, 25, 30, 32, 33, 34, 35, 36, 37, 39, 40, 41, 44, 45, 46, 49, 50];Real Bed;3;10;10;10;100;15074809;False;False;10;37.78798423296937;-122.39429235541323;p3;1;8;Shared room;19;10;4;120.0
10;[1, 2, 4, 8, 12, 17, 18, 30, 33, 34, 35, 36, 39, 40, 41, 44, 45, 46, 47];Real Bed;3;10;10;10;98;3812931;False;False;9;37.75470020607421;-122.40303419054385;p3;2;44;Shared room;421;10;63;170.0
10;[1, 3, 4, 6, 7, 8, 11, 14, 15, 17, 19, 21, 30, 31, 33, 34, 35, 40, 41];Real Bed;4;10;10;10;99;3821508;False;False;10;37.78972932494669;-122.41250271184019;p3;3;23;Shared room;68;10;16;159.0
;[1, 2, 3, 4, 8, 30, 35, 37, 39, 40, 41, 43];Airbed;3;;;;;9529057;False;False;;37.764785330039246;-122.46220742168389;p3;1;6;Shared room;2;;0;105.0
10;[];Airbed;3;10;10;10;100;7528301;False;False;10;37.794576226593065;-122.42617214145496;p3;1;1;Shared room;2;10;1;250.0
;[1, 2, 3, 4, 8, 27, 28, 30, 31, 33, 34, 35, 36, 37, 39, 41, 44, 45, 46, 47];Real Bed;3;;;;;14500176;True;False;;37.76804887613308;-122.42568998004356;p3;2;3;Shared room;0;;1;300.0
;[1, 2, 4, 5, 8, 30, 35, 36, 37, 39, 40];Airbed;3;;;;;2846662;False;False;;37.79617418914211;-122.43161429846728;p3;3;1;Shared room;0;;1;250.0
;[];Real Bed;3;;;;;15328084;False;False;;37.79581881252266;-122.4138220186812;p3;2;1;Shared room;1;;0;250.0
10;[4];Real Bed;3;10;10;10;100;16002247;True;False;10;37.43473032245644;-122.2747762167243;p3;1;1;Shared room;0;10;1;250.0
;[4, 8, 40, 49, 50];Real Bed;3;;;;;14489177;False;False;;37.42080271729646;-122.15090354970508;p3;1;1;Shared room;0;;0;250.0
10;[1, 3, 4, 8, 9, 11, 15, 16, 35, 36, 37, 39, 40, 41];Real Bed;3;10;9;10;100;5850948;False;False;9;37.43272237616562;-122.15232504841806;p3;3;32;Shared room;20;9;10;300.0
;[1, 5, 21, 41, 49, 50];Airbed;3;;;;;16284992;False;False;;37.7905796383799;-122.39523495086942;p3;1;5;Shared room;0;;0;2345.0
;[];Real Bed;3;;;;;13187104;False;False;;37.7722883885058;-122.39238969025816;p3;1;1;Shared room;0;;0;10000.0
;[];Real Bed;3;;;;;12133952;False;False;;37.773540092400104;-122.40168286914762;p3;2;1;Shared room;0;;0;3500.0
10;[1, 3, 4, 27, 30, 31, 32, 35, 36, 37, 38, 39, 40, 41, 43, 44, 45, 46, 47];Real Bed;5;10;10;10;95;9990865;False;False;10;37.75973773592507;-122.43988312877306;p3;10;73;Shared room;219;9;27;525.0
;[1, 4, 35, 40];Couch;3;;;;;4347535;False;False;;37.770644167491284;-122.43645212852987;p3;1;4;Shared room;0;;0;400.0
10;[3, 4, 8, 28, 30, 33, 34, 35, 36, 40, 47, 49, 50];Couch;3;10;10;10;100;12605137;False;False;10;37.75225647421943;-122.41195071424899;p3;1;1;Shared room;0;10;1;1000.0
;[1, 2, 3, 4, 8, 21, 33, 34, 35, 40, 41, 44, 47, 49, 50];Real Bed;5;;;;;7451545;False;False;;37.7984462005811;-122.43495687130459;p3;4;1;Shared room;1;;0;810.0
;[49, 50];Real Bed;5;;;;;12812551;False;False;;37.78195752571553;-122.43374946563885;p3;1;1;Shared room;1;;1;999.0
10;[1, 3, 4, 6, 8, 21, 28, 30, 33, 34];Real Bed;4;10;10;10;100;524240;False;False;10;37.784885731220854;-122.40772030833503;p3;4;5;Shared room;22;10;1;999.0
;[1, 2, 3, 4, 30, 32, 35, 37, 38];Futon;5;;;;;2707150;False;False;;37.68903876457534;-122.46728837614891;p3;16;2;Shared room;17;;0;500.0
9;[1, 3, 4, 8, 16, 40, 43, 44, 49, 50];Real Bed;3;10;9;10;92;4332383;False;False;9;37.41575401987106;-122.13056142348988;p3;1;3;Shared room;39;9;11;2900.0
;[1, 3, 4, 8, 9, 11, 30, 31, 33, 34, 35, 36, 37, 38, 39, 40, 41, 43, 44, 45, 46, 47];Real Bed;3;;;;;10947461;False;False;;37.41355181636882;-122.12673459411933;p3;4;12;Shared room;0;;0;600.0
;[];Real Bed;3;;;;;2191951;False;False;;37.42862603786931;-122.1303385408616;p3;1;2;Shared room;3;;0;800.0
9;[1, 4, 5, 8, 16, 30, 35, 38, 40, 41, 42, 45, 46, 47, 49, 50];Real Bed;3;10;9;10;92;13332150;False;False;10;37.79685821792729;-122.41147425155299;p3;2;20;Entire home/apt;667;9;12;90.0
10;[3, 4, 8, 30, 40, 44, 47];Real Bed;5;10;8;10;100;1025032;False;False;10;37.77586933475513;-122.4034116187218;p3;1;6;Entire home/apt;23;10;1;80.0
9;[4, 17, 18, 30, 40, 41, 42, 44, 45, 49, 50];Real Bed;4;10;10;10;100;15939487;False;False;9;37.71959076429605;-122.39984942519985;p3;2;7;Entire home/apt;307;9;2;60.0
9;[3, 4, 8, 30, 31, 35, 36, 37, 38, 39, 40, 41, 43, 44, 45, 46, 47];Real Bed;4;9;9;9;87;15769794;True;False;10;37.75970257676579;-122.48533783878352;p3;4;20;Entire home/apt;274;9;20;88.0
10;[4, 8, 17, 18, 30, 35, 36, 39, 40, 42, 44, 45, 46, 47];Real Bed;5;10;10;10;96;13774014;False;False;8;37.73436161970141;-122.40487520463456;p3;3;17;Entire home/apt;548;9;30;99.0
10;[4, 8, 27, 30, 33, 34, 35, 36, 40, 44, 45, 49, 50];Real Bed;4;10;8;10;100;12468843;False;False;10;37.755320129990416;-122.42579372826634;p3;4;23;Entire home/apt;11;10;1;80.0
;[1, 2, 3, 4, 5, 8, 30, 33, 34, 35, 39, 40, 41, 44, 49, 50];Real Bed;5;;;;;6051847;False;False;;37.80449685569875;-122.44389638308533;p3;2;6;Entire home/apt;20;;0;100.0
10;[4, 8, 14, 21, 30, 33, 34, 35, 40, 41, 42, 47, 49, 50];Real Bed;4;10;10;10;90;13981699;False;False;8;37.78052946114716;-122.41405550802438;p3;4;12;Entire home/apt;57;9;10;75.0
;[1, 4, 8, 9, 17, 18, 30, 33, 34, 35, 36, 37, 38, 40, 43, 44, 45, 46, 47, 49, 50];Real Bed;5;;;;;16258221;False;False;;37.73871949304735;-122.38608235551222;p3;2;12;Entire home/apt;15;;0;75.0
9;[3, 4, 5, 21, 30, 35, 36, 37, 38, 39, 40, 41, 42, 43, 44, 45, 46, 47, 49, 50];Real Bed;5;9;9;9;87;8144576;False;False;10;37.79700917969882;-122.40634618470094;p3;2;27;Entire home/apt;123;9;22;79.0
10;[1, 3, 4, 8, 33, 39, 40];Real Bed;3;10;10;10;100;12539103;False;False;10;37.77877326857696;-122.41221958324309;p3;2;6;Entire home/apt;104;10;1;95.0
10;[4, 30, 35, 36, 40, 41, 44, 45, 46, 49];Real Bed;3;10;10;10;97;3093543;True;True;10;37.81030633452129;-122.4764220361683;p3;2;4;Entire home/apt;829;10;134;100.0
9;[1, 2, 3, 4, 8, 21, 30, 31, 33, 34, 35, 37, 39, 40, 41];Pull-out Sofa;5;10;9;10;88;7952959;True;False;6;37.78267686653855;-122.41392456382962;p3;2;15;Entire home/apt;351;8;9;88.0
9;[4, 30, 35, 40, 43, 44, 47];Real Bed;4;10;9;10;88;1404326;False;False;9;37.74367784798369;-122.4207003912659;p3;2;13;Entire home/apt;562;9;76;90.0
8;[1, 8, 21, 31, 33, 34, 40, 41, 44, 45, 46, 47];Real Bed;3;10;10;10;100;15285456;True;False;10;37.79160813488794;-122.40648653859637;p3;2;6;Entire home/apt;84;8;2;100.0
10;[1, 3, 4, 8, 30, 31, 33, 34, 35, 36, 40, 41];Real Bed;4;10;10;8;100;16100223;False;False;10;37.77683164376624;-122.48286436064843;p3;4;5;Entire home/apt;28;8;2;99.0
10;[1, 3, 4, 8, 30, 33, 34, 35, 36, 37, 39, 40, 41, 49, 50];Real Bed;5;10;10;10;100;16143121;False;False;10;37.762734932510895;-122.43648550649594;p3;8;45;Entire home/apt;295;10;3;96.0
9;[1, 2, 4, 8, 9, 30, 31, 35, 36, 37, 38, 40, 41];Real Bed;4;10;10;10;93;3257886;True;False;9;37.76390889746729;-122.49778681725688;p3;4;27;Entire home/apt;2369;9;214;160.0
10;[3, 4, 30, 35, 36, 40, 41, 43, 44, 45, 46, 47, 50];Real Bed;5;10;10;10;96;8192881;False;True;10;37.76922397372911;-122.44698208256999;p3;2;12;Entire home/apt;942;9;81;150.0
10;[3, 4, 5, 8, 9, 12, 17, 30, 31, 33, 34, 35, 36, 39, 40, 41, 43, 44, 45, 46, 47, 51, 54, 57];Real Bed;5;10;9;10;100;7065061;False;False;10;37.741947094009504;-122.41690875453965;p3;11;11;Entire home/apt;85;10;4;150.0
9;[3, 4, 8, 30, 35, 39, 40, 41];Real Bed;4;10;10;9;89;5196195;True;False;8;37.705174980428495;-122.45733888951125;p3;2;9;Entire home/apt;353;9;15;109.0
10;[2, 3, 4, 11, 12, 17, 18, 27, 28, 30, 31, 33, 34, 35, 36, 40];Real Bed;3;10;9;10;95;2736358;False;False;10;37.767464651512164;-122.44482720597567;p3;3;12;Entire home/apt;4821;9;150;185.0
10;[2, 3, 4, 5, 6, 8, 15, 21, 28, 30, 31, 33, 34, 35, 36, 37, 39, 40, 41, 43, 44, 45, 46];Real Bed;5;9;10;10;100;14612720;True;False;10;37.77637838224328;-122.4166707791475;p3;2;9;Entire home/apt;142;10;2;103.0
8;[1, 2, 4, 6, 9, 16, 30, 31, 35, 36, 37, 38, 39, 40, 41];Real Bed;4;9;9;9;81;6169292;True;False;10;37.79747892929562;-122.42566359156974;p3;4;20;Entire home/apt;649;8;59;129.0
10;[1, 2, 3, 4, 8, 30, 31, 33, 34, 35, 36, 39, 40, 41, 43, 44, 45, 46, 47, 49];Real Bed;4;10;10;10;94;5851961;False;False;10;37.79340111867087;-122.4090150546457;p3;2;36;Entire home/apt;1038;9;100;122.0
10;[1, 2, 3, 4, 8, 9, 17, 18, 28, 30, 33, 34, 35, 36, 39, 40, 41, 44, 45, 46, 47, 49, 50];Real Bed;4;10;9;10;92;2628247;False;False;9;37.785119733644365;-122.44863266543594;p3;2;14;Entire home/apt;1186;9;190;180.0
8;[5, 8, 15, 21, 25, 30, 31, 32, 33, 34, 35, 36, 38, 39, 40, 41, 42, 44];Real Bed;5;9;9;10;90;15495326;False;False;9;37.78550433472551;-122.39080570959247;p3;3;8;Entire home/apt;136;9;8;160.0
;[1, 4, 5, 7, 8, 15, 21, 25, 30, 31, 33, 34, 35, 36, 37, 39, 40, 41, 42, 44, 45, 47];Real Bed;3;;;;;16268238;True;False;;37.78880244502159;-122.3921006903991;p3;2;5;Entire home/apt;30;;0;150.0
10;[3, 4, 5, 7, 8, 14, 15, 16, 21, 25, 30, 33, 34, 35, 37, 40, 41, 43, 45, 47, 49, 50];Real Bed;5;10;10;10;98;16354575;True;False;10;37.786237136238334;-122.39302894615679;p3;4;20;Entire home/apt;84;9;9;249.0
;[1, 2, 4, 5, 7, 21, 30, 31, 35, 36, 39, 41, 43, 44, 45, 46, 47];Real Bed;3;;;;;11068548;False;False;;37.79148414615332;-122.40679215079551;p3;2;3;Entire home/apt;0;;0;275.0
9;[1, 2, 4, 9, 16, 30, 31, 35, 36, 38, 40, 41];Real Bed;4;9;9;9;88;6107258;True;False;9;37.79781375189043;-122.42501872883473;p3;6;9;Entire home/apt;125;9;18;209.0
10;[3, 4, 8, 28, 30, 31, 33, 34, 35, 36, 44, 50];Real Bed;4;10;10;10;100;7309811;False;False;10;37.7728988576254;-122.42144120063446;p3;3;10;Entire home/apt;69;10;4;280.0
10;[1, 3, 4, 5, 8, 21, 30, 31, 33, 34, 35, 36, 39, 40, 41, 43, 44, 45, 46, 47, 49, 56];Real Bed;4;10;10;10;100;10811198;True;False;10;37.783093851320615;-122.39212641807097;p3;3;4;Entire home/apt;61;10;7;239.0
;[1, 4, 8, 12, 21, 30, 31, 35, 40, 41, 45, 46, 47];Real Bed;4;;;;;16478812;True;False;;37.78635529853061;-122.4424560189732;p3;2;11;Entire home/apt;0;;0;250.0
;[11, 12, 31, 32];Real Bed;3;;;;;16842343;True;False;;37.77591987368207;-122.40779714802939;p3;2;2;Entire home/apt;1;;0;236.0
9;[1, 2, 3, 4, 8, 9, 12, 27, 28, 30, 31, 33, 34, 35, 36, 37, 39, 40, 41, 44, 45, 46];Real Bed;4;10;8;10;90;7728712;False;False;9;37.74974215564458;-122.41582841053084;p3;5;17;Entire home/apt;150;9;25;275.0
10;[1, 3, 4, 8, 9, 30, 31, 33, 34, 35, 36, 37, 39, 40, 41, 43, 44, 45, 46, 47];Real Bed;4;10;10;10;97;7389541;False;True;10;37.75943544008571;-122.50334819564858;p3;2;6;Entire home/apt;165;9;42;250.0
10;[4, 8, 30, 31, 33, 34, 35, 36, 40];Real Bed;5;10;10;10;96;15991265;False;False;10;37.761973262727686;-122.45280496551453;p3;6;30;Entire home/apt;79;10;5;250.0
9;[1, 2, 3, 4, 8, 9, 25, 30, 32, 33, 34, 40, 41, 43, 44, 45, 46, 47, 49, 50, 57];Real Bed;4;10;10;10;96;14696763;True;False;10;37.754336584636626;-122.44325710102318;p3;3;48;Entire home/apt;140;10;11;259.0
;[1, 4, 5, 7, 8, 9, 15, 21, 25, 30, 33, 34, 35, 40, 41, 44, 45, 46, 47, 49];Real Bed;3;;;;;16741273;True;False;;37.78542352904967;-122.39392739116278;p3;2;5;Entire home/apt;3;;0;149.0
9;[1, 3, 4, 5, 8, 12, 15, 21, 30, 31, 33, 34, 35, 36, 40, 41, 43, 44, 45, 46, 47];Real Bed;4;9;9;10;91;15150589;False;False;10;37.786491146405865;-122.39245036932145;p3;5;17;Entire home/apt;340;9;32;249.0
10;[1, 2, 3, 4, 6, 8, 30, 31, 33, 34, 35, 36, 39, 41, 44, 45, 46, 47, 49];Real Bed;5;10;10;10;94;1931946;True;False;10;37.790485635882156;-122.43904713620374;p3;2;18;Entire home/apt;1054;9;70;225.0
;[1, 2, 3, 4, 8, 9, 25, 30, 33, 34, 35, 37, 38, 39, 40, 41];Real Bed;5;;;;;8612902;False;False;;37.73691210940069;-122.41448278281307;p3;2;14;Entire home/apt;0;;0;599.0
9;[1, 4, 5, 7, 8, 9, 15, 21, 30, 31, 33, 34, 35, 36, 40, 41, 42, 44];Real Bed;3;10;5;9;67;16275401;False;False;9;37.77476949042722;-122.4168512024455;p3;4;19;Entire home/apt;42;7;3;320.0
;[1, 2, 3, 4, 8, 12, 16, 28, 30, 31, 33, 34, 35, 36, 39, 40, 41, 45, 46, 47];Real Bed;5;;;;;10806613;False;False;;37.767286315449546;-122.43356123107785;p3;2;6;Entire home/apt;1;;0;465.0
;[1, 2, 3, 4, 6, 7, 8, 14, 15, 21, 30, 31, 33, 34, 35, 36, 38, 39, 40, 41, 43, 46, 47];Real Bed;3;;;;;10468747;True;False;;37.775496579112236;-122.41828734210371;p3;6;19;Entire home/apt;35;;0;1999.0
10;[2, 3, 4, 8, 9, 12, 27, 28, 30, 31, 33, 34, 35, 36, 39, 40, 41, 44, 46, 47];Real Bed;5;10;10;10;100;4777415;True;False;10;37.75945120576592;-122.4233563751818;p3;4;32;Entire home/apt;76;10;4;325.0
10;[3, 4, 8, 17, 30, 31, 33, 34, 35, 36, 39, 40, 41, 43, 45, 46];Real Bed;5;10;10;10;90;8272389;False;False;10;37.761429005754415;-122.44139841484093;p3;3;29;Entire home/apt;29;9;6;450.0
;[1, 2, 3, 4, 5, 6, 8, 14, 15, 21, 30, 33, 34, 35, 36, 40, 41, 45, 47];Real Bed;3;;;;;10788486;False;False;;37.777397553139586;-122.41262524005819;p3;3;7;Entire home/apt;0;;0;389.0
;[1, 4, 5, 8, 9, 21, 30, 33, 34, 40, 41, 44, 49, 50];Real Bed;3;;;;;13827924;True;False;;37.805117877280246;-122.42025330228903;p3;2;2;Entire home/apt;0;;0;349.0
;[1, 3, 4, 5, 7, 8, 14, 15, 21, 25, 30, 33, 34, 35, 36, 39, 40, 41, 43, 44, 45, 47];Real Bed;3;;;;;10472346;True;False;;37.787577769080094;-122.39330958776101;p3;2;10;Entire home/apt;25;;0;500.0
;[3, 4, 30, 33, 34, 40];Real Bed;3;;;;;10963713;False;False;;37.75715752804246;-122.39918111968369;p3;2;1;Entire home/apt;0;;0;400.0
;[1, 2, 3, 4, 5, 8, 14, 15, 21, 25, 30, 31, 35, 36, 40, 41, 43, 44, 45, 46, 47];Real Bed;3;;;;;11048476;True;False;;37.789525319812086;-122.41094854063014;p3;4;2;Entire home/apt;0;;0;800.0
;[1, 2, 4, 5, 8, 21, 30, 31, 33, 34, 35, 36, 37, 40, 41, 43, 44, 45, 46, 47, 57];Real Bed;3;;;;;8813536;False;False;;37.802549899838645;-122.42122122280624;p3;3;5;Entire home/apt;2;;0;450.0
10;[1, 2, 3, 4, 8, 30, 31, 33, 34, 35, 37, 40];Real Bed;5;10;10;10;100;7089833;True;False;10;37.73628554357846;-122.43468512911188;p3;6;13;Entire home/apt;1;10;1;520.0
;[9, 21, 28, 33, 34, 44, 46, 47];Real Bed;3;;;;;1179825;False;False;;37.78388667570759;-122.39158191938874;p3;2;19;Entire home/apt;3;;0;1500.0
;[1, 2, 3, 4, 8, 9, 30, 33, 34, 43, 45];Real Bed;3;;;;;10473301;False;False;;37.757376947587176;-122.43957068661292;p3;2;8;Entire home/apt;0;;0;450.0
;[1, 3, 4, 8, 28, 30, 33, 34, 40, 41, 46, 47];Real Bed;3;;;;;10730611;False;False;;37.75954891126505;-122.43877603587367;p3;2;5;Entire home/apt;0;;0;565.0
;[3, 4, 17, 18, 30, 33, 34, 40, 47, 49, 50, 57];Real Bed;4;;;;;16542790;False;False;;37.77178456437448;-122.42614403037027;p3;1;3;Private room;2;;0;56.0
10;[1, 3, 4, 21, 30, 31, 33, 34, 35, 36, 37, 38, 39, 40, 41, 42, 43, 44, 45, 46, 47];Real Bed;3;10;10;10;100;16426353;True;False;10;37.788430625309324;-122.40701876419746;p3;2;8;Private room;35;10;2;79.0
9;[3, 4, 8, 9, 30, 31, 33, 34, 35, 36, 40, 41, 43, 44, 46];Futon;4;10;9;10;94;14422371;True;False;9;37.728280057549334;-122.38974100598901;p3;3;10;Private room;176;9;28;99.0
10;[3, 4, 8, 30, 33, 34, 35, 36, 37, 38, 39, 40, 41, 44, 45, 46, 47, 49, 50];Real Bed;5;10;9;10;93;1998111;False;True;8;37.72440562132488;-122.43516893982466;p3;2;20;Private room;1407;9;199;69.0
9;[4, 30, 35, 36, 39, 40, 41, 43, 44, 45, 49, 50];Real Bed;4;9;9;10;89;997382;False;False;9;37.77030333149795;-122.45020682677013;p3;1;15;Private room;1660;9;238;53.0
;[1, 4, 8, 9, 16, 30, 33, 34, 35, 36, 39, 40, 41, 42, 44, 45, 46, 47, 49, 50];Real Bed;5;;;;;16530976;True;False;;37.76682585784588;-122.41885065966925;p3;2;12;Private room;9;;0;75.0
10;[3, 4, 8, 12, 16, 17, 19, 27, 30, 31, 33, 34, 40, 41, 44, 45, 46, 47, 56];Real Bed;3;10;10;9;94;16490313;True;False;10;37.77955082222268;-122.46863896694298;p3;2;4;Private room;62;10;14;85.0
8;[1, 4, 8, 30, 33, 34, 35, 36, 40, 41, 42, 49, 50];Real Bed;4;10;9;10;93;15176931;False;False;10;37.75952761014679;-122.40271229797126;p3;1;12;Private room;12;10;3;80.0
9;[3, 4, 8, 9, 30, 33, 35, 37, 38, 39, 45, 46, 47, 49, 50];Real Bed;4;10;8;10;88;4948340;True;False;9;37.78354153454434;-122.46771342636866;p3;2;7;Private room;1179;9;151;65.0
9;[4, 8, 30, 33, 40, 42, 49, 50];Real Bed;3;10;7;10;87;16113122;False;False;10;37.797845369076526;-122.43782285426718;p3;2;6;Private room;144;9;3;70.0
10;[1, 2, 3, 4, 8, 9, 12, 17, 18, 27, 30, 33, 34, 35, 36, 39, 40, 41, 42, 43, 44, 45, 47, 49, 50];Real Bed;3;10;9;10;93;12846271;False;False;9;37.75119310483279;-122.46683814200033;p3;2;4;Private room;1011;9;65;80.0
10;[3, 4, 8, 30, 33, 34, 37, 39, 41, 44, 49, 50];Real Bed;5;10;9;10;94;12657607;False;False;9;37.74316217375228;-122.49879848126386;p3;2;13;Private room;414;9;47;67.0
9;[3, 4, 8, 16, 30, 35, 36, 37, 38, 39, 40, 41, 44, 46, 47, 49, 50];Real Bed;5;10;10;10;95;896938;False;False;10;37.763747659203794;-122.4496131762221;p3;1;19;Private room;861;9;252;80.0
10;[3, 4, 8, 9, 17, 19, 30, 31, 33, 34, 35, 36, 41, 45, 46];Real Bed;4;10;10;10;97;15343159;True;True;9;37.721473578820024;-122.40868082740205;p3;2;12;Private room;346;10;37;67.0
9;[3, 4, 8, 9, 17, 18, 19, 30, 31, 35, 36, 39, 40, 41, 42, 43, 44, 45, 46];Real Bed;5;10;9;10;92;1069167;False;True;8;37.74167743289862;-122.38257816869785;p3;2;24;Private room;1096;9;166;76.0
;[1, 3, 4, 5, 7, 8, 9, 12, 14, 15, 16, 21, 27, 28, 30, 31, 33, 34, 35, 36, 37, 38, 39, 40, 41, 42, 43, 44, 45, 46, 47, 56, 57];Real Bed;5;;;;;16578747;False;False;;37.775990952428145;-122.41890990914334;p3;4;3;Private room;75;;0;140.0
10;[4, 8, 9, 17, 18, 30, 31, 33, 34, 35, 36, 37, 39, 40, 41];Real Bed;4;10;9;9;94;13749078;False;False;9;37.7159418597772;-122.38912532869472;p3;4;7;Private room;467;9;47;136.0
10;[1, 2, 3, 4, 8, 28, 30, 33, 34, 35, 36, 37, 38, 39, 41, 49, 50];Real Bed;5;10;10;10;98;5345792;False;False;10;37.756134206615116;-122.4308102366423;p3;2;13;Private room;375;10;62;165.0
10;[3, 4, 30, 31, 35, 36, 40, 41, 42, 43, 44, 47, 50];Real Bed;3;10;10;10;98;13606695;False;True;10;37.754913472896355;-122.4029103776722;p3;2;11;Private room;171;10;36;110.0
10;[3, 4, 5, 6, 7, 8, 14, 15, 16, 17, 19, 21, 25, 28, 30, 33, 34, 35, 36, 40, 41, 43, 44, 46, 47, 49, 50];Real Bed;5;10;10;10;100;16601793;False;False;10;37.786320687376495;-122.39170985309144;p3;2;27;Private room;18;10;1;150.0
9;[1, 3, 4, 5, 7, 8, 9, 12, 14, 15, 16, 17, 18, 21, 27, 28, 30, 31, 33, 34, 40, 41, 44, 45, 46, 47, 50];Real Bed;5;9;9;9;90;15756104;True;False;10;37.77545313417347;-122.41821300107208;p3;4;2;Private room;78;9;9;142.0
10;[1, 2, 3, 4, 5, 8, 30, 35, 36, 37, 40, 41, 46, 47, 49, 50];Real Bed;4;10;10;10;94;14536328;True;False;10;37.769813494769544;-122.43053887420997;p3;2;17;Private room;12;10;7;150.0
10;[1, 2, 3, 4, 8, 17, 19, 30, 33, 34, 35, 37, 39, 41, 44, 45, 46, 47];Real Bed;4;10;10;10;99;6016017;True;True;10;37.796490572480096;-122.4340502814817;p3;2;8;Private room;330;10;71;175.0
10;[1, 2, 4, 28, 30, 35, 37, 39, 40, 41, 42, 44, 45, 46, 47, 49, 50];Real Bed;4;10;10;10;97;5572169;False;True;10;37.798719101502805;-122.43556012532994;p3;2;16;Private room;251;9;84;159.0
10;[1, 3, 4, 8, 11, 17, 18, 30, 31, 32, 33, 34, 35, 36, 37, 38, 39, 40, 41, 42, 43, 44, 45, 46];Real Bed;4;10;9;10;97;2471457;False;True;10;37.762226871192404;-122.43280838158289;p3;2;7;Private room;708;9;187;156.0
10;[1, 2, 3, 4, 8, 30, 33, 34, 35, 36, 37, 38, 39, 40, 41, 42, 43, 44, 45, 46, 47];Real Bed;4;10;10;10;98;9365080;False;True;10;37.762489301660466;-122.44495456695553;p3;2;10;Private room;466;10;75;130.0
10;[1, 2, 3, 4, 5, 8, 14, 15, 17, 18, 21, 30, 31, 33, 34, 35, 36, 37, 38, 39, 40, 41, 42, 43, 44, 45, 46, 50];Real Bed;3;10;10;10;100;16298221;True;False;10;37.7874242707555;-122.39134126278395;p3;2;29;Private room;39;10;4;155.0
10;[1, 2, 4, 30, 31, 33, 34, 35, 36, 37, 40, 41];Real Bed;5;10;9;9;92;1356129;False;False;10;37.750835474194346;-122.42341140070398;p3;2;15;Private room;477;9;121;145.0
10;[1, 2, 3, 4, 8, 17, 18, 28, 30, 31, 33, 34, 35, 36, 37, 39, 40, 41, 42, 43, 44, 45, 46, 47, 50];Real Bed;4;10;10;10;98;10945354;True;False;10;37.770403603237924;-122.42319326421637;p3;2;7;Private room;448;10;88;149.0
10;[1, 2, 3, 4, 6, 8, 15, 17, 19, 21, 28, 30, 33, 34, 35, 37, 38, 40, 41, 44, 45, 46, 47];Real Bed;4;10;10;10;98;3219171;False;True;9;37.77761960956367;-122.41396996878193;p3;3;17;Private room;192;10;60;149.0
10;[1, 2, 3, 4, 8, 16, 30, 31, 33, 34, 35, 36, 37, 38, 39, 40, 41, 42, 43, 44, 45, 46, 47];Real Bed;5;10;10;10;98;1589361;True;True;10;37.80271397467505;-122.41291869538686;p3;2;30;Private room;311;10;91;175.0
10;[1, 4, 12, 17, 18, 19, 30, 31, 35, 40, 41, 42, 44, 45];Real Bed;4;10;10;10;95;14054264;True;False;10;37.79430166497137;-122.42397627157602;p3;2;10;Private room;122;9;30;144.0
10;[1, 2, 3, 4, 5, 6, 7, 8, 9, 11, 12, 14, 15, 17, 18, 21, 25, 27, 28, 30, 31, 33, 34, 35, 36, 37, 38, 39, 40, 41, 42, 43, 44, 45, 46, 47];Real Bed;5;10;10;10;97;12522344;False;True;10;37.7723774361027;-122.3923110901848;p3;3;18;Private room;866;10;71;148.0
10;[1, 2, 3, 4, 8, 21, 30, 31, 33, 34, 35, 36, 37, 39, 40, 41, 42, 43, 44, 45, 46, 47, 50];Real Bed;5;10;10;10;98;1551553;False;False;10;37.78796663313343;-122.41506748967748;p3;4;36;Private room;423;10;68;220.0
;[1, 2, 3, 4, 17, 18, 27, 28, 30, 33, 34, 35, 37, 39, 40, 41, 44, 45, 46, 47];Real Bed;4;;;;;8363922;False;False;;37.79994922852735;-122.41611139850993;p3;2;11;Private room;0;;0;275.0
;[2, 4, 8, 33, 34, 43];Real Bed;3;;;;;10907472;False;False;;37.7984599539389;-122.43328761032087;p3;2;3;Private room;0;;0;260.0
;[3, 4, 5, 8, 25, 33, 34, 35, 36, 37, 38, 39, 40, 41, 42, 43, 44, 45, 46, 47, 49, 50];Futon;3;;;;;10999527;False;False;;37.77156265788922;-122.44595844828967;p3;2;5;Private room;1;;0;212.0
;[3, 4, 6, 8, 9, 28, 30, 31, 33, 34, 35, 36, 38, 39, 40, 41, 42, 43, 44, 46, 47];Airbed;3;;;;;10833518;False;False;;37.785501486072356;-122.44066692819666;p3;2;12;Private room;0;;0;250.0
10;[1, 3, 4, 8, 11, 12, 30, 31, 33, 34, 35, 36, 37, 40, 41, 42, 45, 46];Real Bed;4;10;10;10;100;13415763;False;False;10;37.797616368069676;-122.41881819378298;p3;2;8;Private room;2;10;1;300.0
10;[1, 3, 4, 8, 30, 31, 33, 34, 35, 36, 38, 40, 41, 44, 45, 46, 47];Real Bed;5;10;10;10;100;7902488;False;True;10;37.76120939678321;-122.44243273857221;p3;2;12;Private room;1;10;2;210.0
;[];Futon;3;;;;;5873066;False;False;;37.79929881082621;-122.43250228424232;p3;1;4;Private room;0;;0;220.0
;[1, 4, 8, 9, 33, 34, 40, 42, 49, 50];Real Bed;3;;;;;16726700;True;False;;37.72320368908431;-122.44273039347063;p3;1;2;Private room;0;;0;250.0
8;[2, 4, 8, 16, 33, 34, 35, 36, 37, 39, 40, 41];Real Bed;3;10;10;10;100;6570087;False;False;10;37.75117145119073;-122.40266573479227;p3;2;1;Private room;1;8;1;250.0
;[1, 2, 3, 4, 8, 9, 30, 31, 33, 34, 35, 36, 39, 40, 41, 44, 45, 46, 47];Real Bed;5;;;;;16694385;False;False;;37.76427697522325;-122.446289386208;p3;3;23;Private room;1;;0;250.0
10;[1, 2, 3, 4, 8, 30, 35, 36, 37, 38, 40, 41];Real Bed;4;10;10;10;100;6812162;True;False;10;37.76763218706682;-122.45009111892888;p3;2;55;Private room;11;9;2;225.0
;[1, 2, 4, 8, 12, 17, 18, 19, 27, 30, 33, 35, 36, 40, 42, 44, 45, 46, 47];Real Bed;3;;;;;11605674;False;False;;37.758077040013774;-122.43264944130954;p3;2;2;Private room;1;;0;225.0
;[3, 4, 8, 33, 34, 35, 36, 40, 41, 44, 47];Real Bed;3;;;;;10878514;False;False;;37.78975374749856;-122.43239395964967;p3;2;7;Private room;0;;0;527.0
;[1, 2, 3, 4, 8, 9, 30, 31, 33, 34, 35, 36, 37, 38, 40, 41, 42, 43, 44, 47];Real Bed;3;;;;;10858401;False;False;;37.75073746015499;-122.46747759416755;p3;3;4;Private room;0;;0;2000.0
;[1, 2, 3, 4, 5, 7, 21, 30, 33, 35, 39, 42, 45];Real Bed;3;;;;;11023714;False;False;;37.788638666508064;-122.41233794194564;p3;4;1;Private room;0;;0;695.0
;[2, 4, 8, 14, 17, 19, 21, 30, 31, 33, 34, 40, 47];Real Bed;3;;;;;11065185;False;False;;37.79522120326467;-122.43332604896602;p3;2;16;Private room;0;;0;900.0
;[4, 7, 8, 15, 21, 25, 30, 33, 34, 41, 43, 44, 47];Real Bed;3;;;;;11023980;False;False;;37.78267257050912;-122.39855656527881;p3;1;3;Private room;0;;0;450.0
;[4, 40, 41, 47];Real Bed;3;;;;;11010288;False;False;;37.776499189871274;-122.44230456414216;p3;1;3;Private room;0;;0;500.0
;[1, 2, 3, 4, 5, 6, 15, 21, 25, 30, 31, 35, 38, 40, 41, 42, 43, 44, 45, 46, 47];Real Bed;5;;;;;2866418;False;False;;37.78753391748758;-122.40961655142071;p3;4;8;Private room;0;;0;550.0
;[1, 3, 4, 8, 27, 30, 33, 34, 41];Real Bed;3;;;;;7914478;False;False;;37.8028596368395;-122.41125361431115;p3;1;1;Private room;0;;0;400.0
;[3, 4, 8, 9, 11, 31, 33, 40];Real Bed;3;;;;;10925179;False;False;;37.77190594108318;-122.50669911096752;p3;4;1;Private room;0;;0;700.0
;[1, 2, 8, 17, 18, 30, 35, 36, 39, 41, 42, 44, 45, 46];Real Bed;5;;;;;5041554;False;False;;37.78628417195269;-122.4242236122637;p3;2;6;Private room;0;;0;500.0
10;[1, 2, 3, 4, 5, 6, 7, 8, 14, 15, 21, 25, 28, 30, 31, 32, 33, 34];Real Bed;4;10;9;10;98;1979761;True;False;10;37.78827885496778;-122.39522875231874;p3;2;16;Private room;12;10;5;500.0
;[1, 2, 4, 8, 35, 36, 37, 39, 40];Real Bed;3;;;;;8034806;False;False;;37.79287606715392;-122.42507859814148;p3;1;3;Private room;0;;0;400.0
;[1, 3, 4, 8, 17, 18, 28, 30, 31, 35, 36, 37, 40, 41, 42, 43, 44, 45, 46, 47];Real Bed;3;;;;;10992652;False;False;;37.79143154282705;-122.41665885995955;p3;3;6;Private room;1;;0;1000.0
;[1, 2, 3, 4, 8, 27, 33, 34, 35, 36, 37, 38, 39, 40, 41];Real Bed;3;;;;;8597777;False;False;;37.78088656778898;-122.45097420913832;p3;2;4;Private room;1;;0;329.0
;[1, 3, 4, 8, 9, 30, 33, 34, 35, 36, 39, 41];Airbed;3;;;;;8028540;False;False;;37.742633874562884;-122.41887859252263;p3;2;5;Private room;8;;0;350.0
;[1, 3, 4, 8, 17, 18, 30, 33, 34, 35, 36, 37, 39, 40, 41];Real Bed;3;;;;;7730652;False;False;;37.749224505424;-122.40986462854775;p3;2;1;Private room;0;;0;440.0
10;[3, 4, 5, 8, 30, 33, 34, 35, 36, 40, 41, 43, 44, 45, 46, 47, 49, 50];Real Bed;4;9;9;9;97;15041821;False;False;9;37.7453676541538;-122.48247041951753;p3;4;4;Shared room;47;10;7;29.0
10;[3, 4, 5, 6, 8, 14, 15, 21, 25, 30, 33, 34, 35, 36, 37, 38, 39, 40, 41, 42, 44, 45, 47, 49, 50];Real Bed;3;9;9;9;90;15775660;False;False;9;37.775090974209455;-122.39734960250838;p3;1;7;Shared room;25;9;6;69.0
10;[3, 4, 8, 30, 31, 35, 36, 39, 40, 41, 43, 44, 45, 46, 47, 49, 50];Real Bed;5;10;10;10;95;15204367;False;False;9;37.756344821603136;-122.49264699539461;p3;1;15;Shared room;35;10;11;39.0
9;[1, 2, 3, 4, 6, 8, 11, 12, 16, 21, 30, 31, 32, 33, 34, 39, 40, 41, 42, 43, 44, 45, 46, 47, 50];Real Bed;3;10;9;10;88;15469292;True;False;10;37.78070203460331;-122.40667729278873;p3;1;5;Shared room;106;9;20;26.0
10;[1, 4, 5, 8, 9, 12, 15, 21, 30, 33, 34, 35, 36, 37, 38, 40, 41, 42, 44, 45, 46, 47, 49];Real Bed;5;10;8;10;80;16207317;True;False;10;37.763453672287596;-122.3966564353462;p3;2;10;Shared room;11;10;1;40.0
10;[3, 4, 8, 16, 33, 34, 35, 36, 37, 38, 39, 40, 41, 42, 43, 44, 46, 47, 49, 50];Real Bed;4;10;10;10;100;15218019;True;True;10;37.74860258277592;-122.49955898141083;p3;1;11;Shared room;21;10;3;28.0
10;[4, 8, 21, 30, 33, 34, 35, 36, 40, 41, 46, 47, 49, 50];Real Bed;4;10;7;10;88;16290621;True;False;10;37.78422353195393;-122.41521764654844;p3;2;3;Shared room;65;9;5;80.0
10;[1, 4, 8, 9, 30, 33, 34, 35, 36, 37, 40, 44, 47, 49, 50];Real Bed;4;10;9;10;100;15633281;False;False;10;37.708556410683705;-122.46123004624181;p3;5;12;Shared room;30;10;4;39.0
10;[2, 3, 4, 8, 40, 41, 44, 45, 46, 47, 49, 50];Pull-out Sofa;5;10;10;10;99;1566931;False;True;10;37.80249196012847;-122.42952468863211;p3;1;2;Shared room;61;10;17;75.0
10;[1, 2, 3, 4, 8, 12, 17, 18, 28, 30, 33, 34, 35, 36, 37, 38, 39, 40, 41, 43, 44, 45, 46, 49, 50];Futon;5;10;10;10;96;6910758;True;False;9;37.77524411130019;-122.40750580577173;p3;2;14;Shared room;603;9;127;99.0
10;[3, 4, 5, 8, 30, 33, 34, 35, 36, 40, 41, 43, 44, 45, 46, 47, 49, 50];Real Bed;4;10;10;10;93;15324129;False;False;10;37.744323134087296;-122.48069659916729;p3;4;9;Shared room;44;10;6;29.0
8;[4, 8, 11, 32, 33, 34, 35, 40, 41, 42, 44, 49, 50];Real Bed;3;8;7;9;80;15633115;True;False;9;37.76020436278;-122.42070124750038;p3;1;6;Shared room;24;7;4;34.24382674763905
;[1, 4, 5, 8, 9, 30, 35, 36, 40, 42, 44, 45, 47];Real Bed;3;;;;;15389724;True;False;;37.71710433192441;-122.43129249287011;p3;3;2;Shared room;14;;0;100.0
10;[1, 3, 4, 5, 8, 11, 17, 18, 30, 32, 33, 35, 40, 49, 50, 51, 54];Real Bed;5;10;9;10;97;5299461;True;True;10;37.758525935232775;-122.4133371000983;p3;1;9;Shared room;332;10;86;55.0
10;[1, 4, 8, 30, 35, 36, 38, 39, 40, 41, 44, 45, 46, 47, 49, 50];Pull-out Sofa;4;10;10;10;99;11206585;False;True;10;37.77811425050068;-122.45511042772394;p3;1;6;Shared room;227;10;25;50.0
10;[1, 2, 3, 4, 8, 16, 30, 35, 36, 37, 38, 39, 40, 41, 43, 44, 45, 46, 47, 49, 50, 51, 53];Couch;3;10;10;10;98;6822747;False;True;10;37.76819101300611;-122.43922781869134;p3;2;18;Shared room;148;10;56;55.0
10;[1, 3, 4, 8, 11, 17, 18, 28, 30, 31, 32, 35, 36, 37, 38, 39, 40, 41, 43, 44, 45, 46, 47];Real Bed;5;10;9;10;96;1711403;False;False;10;37.78255348516331;-122.44393641775538;p3;2;62;Shared room;365;10;83;70.0
10;[3, 4, 7, 8, 15, 21, 25, 30, 32, 33, 34, 35, 40, 41, 45, 46, 47, 49, 50];Pull-out Sofa;3;10;10;10;98;14040855;False;False;10;37.78150777458483;-122.3900676601636;p3;1;11;Shared room;27;10;8;63.0
;[1, 2, 3, 4, 8, 17, 18, 30, 31, 33, 34, 35, 36, 40, 43, 44, 45, 47];Real Bed;3;;;;;10747952;False;False;;37.76179652849123;-122.39813611723366;p3;2;4;Shared room;0;;0;200.0
;[3, 4, 8, 33, 34, 35, 45];Real Bed;3;;;;;14616761;False;False;;37.77612518274257;-122.43391525619691;p3;1;9;Shared room;0;;1;120.0
;[1, 3, 4, 8, 35, 36, 37, 39, 40, 41];Futon;3;;;;;4081570;False;False;;37.78051330021706;-122.3970946672266;p3;1;2;Shared room;2;;0;175.0
9;[3, 4, 8, 16, 30, 33, 34, 35, 36, 37, 38, 39, 40, 41, 43, 44, 45, 46, 47, 49, 50];Real Bed;3;10;9;10;92;12270642;False;False;9;37.79924818915219;-122.40459644738229;p3;2;10;Shared room;61;9;23;105.0
;[4, 9, 32];Couch;3;;;;;8404771;False;False;;37.73879508615097;-122.40217966915591;p3;1;17;Shared room;11;;0;150.0
10;[3, 4, 8, 16, 30, 33, 34, 35, 36, 37, 38, 39, 40, 41, 43, 44, 45];Real Bed;3;10;10;10;96;11297447;False;False;10;37.798491820323825;-122.40407336264562;p3;2;15;Shared room;134;10;28;105.0
10;[1, 3, 4, 8, 9, 16, 30, 31, 33, 34, 35, 40, 41, 43, 44, 45, 46, 47];Futon;4;10;10;10;100;11021380;False;False;10;37.76456226436118;-122.45730712406483;p3;2;3;Shared room;22;10;1;110.0
;[1, 3, 4, 8, 30, 40];Futon;3;;;;;5229696;False;False;;37.630376883985726;-122.42973717776549;p3;2;4;Shared room;3;;0;200.0
;[4, 8, 30, 40, 41, 44, 49, 50];Real Bed;3;;;;;15206174;True;False;;37.847820609307156;-122.25401925812331;p3;1;1;Shared room;0;;0;199.0
;[1, 3, 4, 8, 16, 21, 28, 30, 33, 34, 40, 41, 45, 46, 47, 49, 50];Real Bed;3;;;;;13484925;False;False;;37.7981794984179;-122.2665222872257;p3;1;4;Shared room;0;;0;150.0
;[2, 3, 4, 8, 9, 17, 18, 19, 27, 30, 31, 33, 34, 35, 36, 37, 39, 40, 41, 44, 45, 46];Real Bed;3;;;;;10282144;False;False;;37.80585973722836;-122.18477638635775;p3;2;5;Shared room;1;;0;175.0
;[4, 8, 16, 32, 35, 38, 39, 40, 47];Real Bed;3;;;;;9566035;False;False;;37.756246206603784;-122.17729642501335;p3;4;2;Shared room;2;;0;108.0
9;[1, 2, 3, 4, 8, 9, 30, 31, 35, 36, 37, 38, 39, 40, 41, 44, 45, 47];Real Bed;3;10;8;10;87;11442940;True;False;8;37.70820908988622;-122.41795585713669;p3;4;9;Shared room;166;9;19;150.0
10;[];Real Bed;3;10;6;10;100;4053780;False;False;8;37.82209765697133;-122.28709156171335;p3;2;1;Shared room;0;8;1;200.0
10;[1, 4, 8, 9, 16, 30, 31, 32, 33, 34, 35, 37, 39, 40, 41, 42, 44, 45, 46, 47];Real Bed;3;10;10;9;100;15099420;False;False;10;37.884016946767076;-122.29394448132358;p3;1;3;Shared room;0;9;2;130.0
;[4, 8, 9, 30, 35, 39, 40, 41, 44, 46, 47, 49, 50];Real Bed;4;;;;;15420617;False;False;;37.9542862307217;-122.5311571079163;p3;4;6;Shared room;13;;0;110.0
9;[1, 2, 3, 4, 8, 30, 31, 35, 36, 37, 40, 41, 44, 45, 46, 47];Real Bed;4;10;9;9;90;4526415;True;False;10;37.80209539321963;-122.41020264497895;p3;2;18;Entire home/apt;367;9;47;95.0
10;[3, 4, 8, 21, 30, 44, 45, 46];Real Bed;3;9;10;10;100;14716346;True;False;10;37.770892251261905;-122.39872580634636;p3;2;6;Entire home/apt;214;10;6;60.0
;[49, 50];Real Bed;3;;;;;12886996;False;False;;37.774735746489064;-122.42020422846232;p3;1;22;Entire home/apt;1;;0;10.0
;[4, 16, 30, 31, 32, 33, 34, 40, 41];Real Bed;3;;;;;10299331;False;False;;37.732180519741725;-122.41103847354671;p3;2;1;Entire home/apt;0;;0;79.0
9;[1, 2, 3, 4, 8, 11, 17, 18, 19, 30, 31, 33, 34, 35, 36, 37, 38, 39, 40, 41, 43, 44, 46, 47];Real Bed;5;10;9;10;87;10769424;True;False;10;37.77361142125356;-122.50036919535076;p3;2;24;Entire home/apt;497;9;24;85.0
;[9, 31, 40, 47, 50];Real Bed;3;;;;;16828172;True;False;;37.822105649178006;-122.3754787071139;p3;2;65;Entire home/apt;15;;0;78.0
6;[8, 16, 31, 35, 37, 39, 40, 41, 42, 44, 45, 46];Real Bed;5;10;10;10;80;13375531;False;False;10;37.776414080327136;-122.42506809679544;p3;2;5;Entire home/apt;75;8;1;45.0
7;[1, 2, 3, 4, 8, 14, 21, 28, 33, 34, 35, 40, 41, 43, 44];Real Bed;3;10;10;10;80;9908325;True;False;10;37.7857319338762;-122.40935081486695;p3;1;3;Entire home/apt;168;9;3;79.0
10;[1, 3, 4, 8, 30, 35, 36, 38, 40, 41, 43, 44, 45, 46, 47, 49, 50];Real Bed;4;10;10;10;100;16586246;False;False;10;37.839044108803925;-122.25543396716687;p3;3;11;Entire home/apt;30;10;1;85.0
10;[1, 2, 3, 4, 8, 30, 31, 35, 36, 40, 44, 45, 46, 47, 56];Real Bed;5;10;10;10;94;2461006;False;False;8;37.73083759203695;-122.41047764061251;p3;3;25;Entire home/apt;1258;9;117;99.0
;[4, 8, 25, 30, 31, 33, 34, 35, 39, 40, 41, 42, 44, 45, 46, 47, 50, 57];Real Bed;3;;;;;16546691;True;False;;37.72883004653597;-122.43277910389816;p3;1;6;Entire home/apt;5;;0;60.0
10;[1, 2, 3, 4, 17, 18, 30, 33, 34, 37, 39, 40, 41, 45, 46, 47, 49, 50];Real Bed;4;10;10;10;99;8351923;False;False;10;37.74287650074765;-122.4614685643413;p3;2;13;Entire home/apt;1053;10;88;99.0
9;[1, 3, 4, 8, 30, 31, 35, 40, 41, 44, 45, 46, 47, 57];Real Bed;4;10;9;9;88;8342059;False;False;9;37.783938708520594;-122.46541240247231;p3;2;11;Entire home/apt;373;9;41;100.0
;[3, 4, 8, 30, 35, 36, 40, 46, 47, 49, 50, 57];Real Bed;5;;;;;292929;True;False;;37.76403818136683;-122.42279248422649;p3;2;12;Entire home/apt;2;;0;90.0
10;[5, 8, 15, 21, 30, 35, 36, 39, 41, 47, 49, 50];Real Bed;5;10;10;6;100;15771005;False;False;8;37.78133911831667;-122.41410390611463;p3;2;4;Entire home/apt;81;10;1;65.0
;[1, 3, 4, 8, 21, 33, 34, 35, 37, 40, 44, 45, 47];Real Bed;3;;;;;11555243;False;False;;37.778352922019124;-122.41057285682533;p3;2;2;Entire home/apt;24;;0;65.0
10;[1, 2, 3, 4, 8, 16, 28, 30, 31, 33, 34, 35, 36, 37, 38, 39, 40, 41, 43, 44, 45, 46, 47, 49, 57];Real Bed;5;10;9;10;95;13635551;False;False;10;37.78432794045273;-122.4455933858775;p3;3;16;Entire home/apt;140;9;15;155.0
10;[1, 3, 4, 8, 30, 33, 34, 35, 40, 41, 43, 44, 45, 46, 47];Real Bed;5;9;10;9;90;1850609;True;False;8;37.77572545096308;-122.41335941012265;p3;2;16;Entire home/apt;283;9;33;163.0
10;[1, 2, 3, 4, 8, 30, 33, 34, 35, 36, 39, 40, 41, 43, 45, 46];Real Bed;5;10;10;4;100;10658401;True;False;10;37.773789792741674;-122.42277410755797;p3;2;12;Entire home/apt;82;10;4;113.0
10;[1, 2, 3, 4, 8, 30, 33, 34, 35, 36, 39, 40, 41, 44, 45, 46, 47, 49, 50];Real Bed;4;10;10;10;99;14225205;True;True;10;37.77397077810174;-122.4148150297075;p3;2;6;Entire home/apt;223;10;18;185.0
10;[1, 2, 3, 4, 8, 30, 31, 33, 34, 35, 37, 38, 39, 40, 41, 44, 45, 46, 47];Real Bed;4;10;10;10;99;8717641;False;True;10;37.778593987579434;-122.4673536860394;p3;2;21;Entire home/apt;460;10;54;175.0
10;[1, 3, 4, 9, 30, 31, 33, 34, 35, 36, 37, 39, 40, 41, 43, 44, 45, 46, 47];Real Bed;4;10;10;10;95;6331695;False;False;10;37.74206855277403;-122.43068518410172;p3;3;11;Entire home/apt;1093;9;134;170.0
10;[1, 4, 8, 9, 21, 31, 35, 40, 41, 42, 46, 47, 50];Real Bed;5;10;10;10;100;15420428;False;False;10;37.79516611329432;-122.4037531684667;p3;2;6;Entire home/apt;29;10;5;149.0
9;[1, 3, 4, 8, 21, 30, 33, 34, 35, 39, 40, 41, 43, 44, 45, 47];Real Bed;4;9;9;9;86;11344390;True;False;9;37.79871145666655;-122.40510840832367;p3;2;36;Entire home/apt;299;9;58;175.0
9;[1, 2, 3, 4, 8, 30, 31, 35, 36, 39, 40, 41, 43, 44, 45, 46, 47];Real Bed;5;9;9;9;89;2072177;False;False;10;37.80608440485244;-122.44086954264874;p3;2;20;Entire home/apt;864;9;93;159.0
9;[1, 3, 4, 8, 28, 30, 31, 32, 35, 36, 40, 41, 43, 44, 45, 46, 47];Real Bed;3;9;9;10;94;351821;False;False;9;37.758697484072265;-122.41107832915002;p3;4;63;Entire home/apt;983;9;105;272.0
10;[1, 3, 4, 8, 30, 31, 35, 36, 37, 39, 40, 41, 43, 44, 45, 46, 47];Real Bed;5;10;10;10;100;16071302;False;True;10;37.743957680679834;-122.40918947974122;p3;6;19;Entire home/apt;163;10;12;249.0
10;[1, 2, 3, 4, 8, 28, 30, 33, 34, 35, 36, 37, 40, 41, 43, 44, 45, 46, 47, 49, 50];Real Bed;4;10;10;10;99;1484792;False;True;10;37.77794620446905;-122.4217770984471;p3;2;24;Entire home/apt;751;10;125;250.0
10;[1, 2, 3, 4, 8, 12, 27, 30, 31, 33, 34, 35, 36, 37, 39, 40, 41, 43, 44, 45, 46, 47];Real Bed;4;10;10;10;98;142177;False;True;9;37.78470578372941;-122.48124967080864;p3;4;22;Entire home/apt;1159;10;147;275.0
9;[1, 4, 8, 9, 21, 30, 31, 33, 34, 35, 36, 37, 40, 41];Real Bed;5;10;10;9;97;8760949;False;True;10;37.77230928399551;-122.42129742149228;p3;4;11;Entire home/apt;121;9;7;290.0
10;[1, 2, 3, 4, 8, 9, 30, 31, 35, 36, 37, 40, 41, 43, 44, 45, 46, 47, 50];Real Bed;4;10;10;10;97;4936887;True;True;10;37.78659319594401;-122.44222367602268;p3;6;24;Entire home/apt;1116;9;135;275.0
10;[1, 3, 4, 8, 27, 30, 31, 33, 34, 35, 40, 41, 43, 44, 45, 46];Real Bed;5;10;10;10;95;11070395;False;False;10;37.7687002724689;-122.43040088861656;p3;4;54;Entire home/apt;155;9;23;280.0
10;[1, 4, 8, 30, 33, 34, 35, 36, 40, 41, 43, 44, 45, 46, 47];Real Bed;5;10;10;10;100;15929904;True;False;10;37.77894658549311;-122.44014300486333;p3;4;13;Entire home/apt;62;10;4;250.0
10;[1, 2, 3, 4, 11, 17, 18, 28, 30, 33, 34, 35, 37, 39, 40, 41, 44, 45, 46, 47, 49, 50];Real Bed;5;10;10;10;99;1279292;False;True;10;37.762900816905024;-122.43551384981708;p3;2;28;Entire home/apt;1061;10;130;250.0
10;[1, 3, 4, 8, 12, 17, 18, 20, 27, 30, 33, 34, 35, 36, 37, 38, 39, 40, 43, 44, 45, 46, 47, 49, 50];Real Bed;5;10;10;10;100;10390390;False;False;10;37.77354050229166;-122.4329118354707;p3;4;25;Entire home/apt;55;10;7;275.0
10;[1, 3, 4, 8, 28, 30, 33, 34, 35, 36, 37, 40, 41, 43, 44, 45, 46, 47, 49, 50];Real Bed;4;10;10;10;96;13590133;False;True;10;37.75825434263557;-122.43978840849879;p3;2;15;Entire home/apt;72;10;10;260.0
10;[1, 3, 4, 8, 12, 28, 30, 31, 33, 34, 35, 36, 37, 39, 40, 41, 44, 45, 46, 47, 49];Real Bed;4;10;10;10;98;3729987;False;False;10;37.763734308226375;-122.41872535016708;p3;2;18;Entire home/apt;73;10;12;216.0
10;[1, 2, 3, 4, 8, 9, 30, 33, 34, 35, 36, 40, 41, 44, 45, 46];Real Bed;4;10;10;10;97;9491760;False;False;9;37.78562556303959;-122.42593661055616;p3;4;22;Entire home/apt;57;10;6;259.0
10;[1, 2, 3, 4, 8, 28, 30, 33, 34, 35, 36, 37, 38, 39, 40, 41, 43, 44, 45, 46, 47, 49, 50];Real Bed;3;10;10;10;100;10945139;True;False;9;37.770878338303405;-122.42341686285258;p3;4;8;Entire home/apt;164;10;6;254.0
10;[1, 3, 4, 8, 30, 31, 33, 34, 35, 36, 37, 38, 39, 40, 41, 43, 44, 45, 46, 47];Real Bed;5;10;10;10;97;9974744;False;True;10;37.753702164578996;-122.4275946820242;p3;6;12;Entire home/apt;203;10;18;340.0
10;[1, 2, 3, 4, 5, 8, 12, 27, 30, 31, 33, 34, 35, 36, 37, 38, 40, 41, 42, 44, 45, 46, 47, 50];Real Bed;3;10;10;10;96;15807660;False;False;10;37.77250915373701;-122.43320261145168;p3;8;13;Entire home/apt;27;10;7;400.0
10;[1, 3, 4, 8, 12, 27, 28, 31, 33, 34, 35, 36, 37, 38, 39, 40, 41, 43, 44, 45, 46, 47];Real Bed;5;10;9;10;95;7595431;True;False;9;37.77836480374306;-122.41207903015584;p3;8;33;Entire home/apt;163;9;13;399.0
;[1, 2, 3, 4, 8, 30, 33, 34, 35, 36, 40, 43, 44, 45, 46, 47];Real Bed;3;;;;;9302200;False;False;;37.80462768678824;-122.44130257906832;p3;2;4;Entire home/apt;2;;0;350.0
10;[1, 4, 8, 16, 30, 33, 34, 35, 36, 40, 41, 46, 47];Real Bed;5;10;10;10;100;15855837;False;False;10;37.76924693401659;-122.4307691955955;p3;5;21;Entire home/apt;1;10;1;375.0
10;[1, 3, 4, 8, 9, 27, 30, 31, 32, 33, 34, 35, 36, 37, 38, 39, 40, 44, 45, 46, 47];Real Bed;5;10;10;10;100;12845136;False;True;10;37.80332360723753;-122.44381906784922;p3;8;27;Entire home/apt;165;10;11;475.0
10;[1, 2, 3, 4, 5, 6, 7, 8, 15, 16, 21, 27, 28, 30, 31, 33, 34, 35, 36, 37, 40, 41, 42, 43, 44, 45, 46, 47];Real Bed;4;10;10;10;98;16003867;False;True;10;37.78292733687022;-122.39040230903402;p3;8;22;Entire home/apt;128;10;12;500.0
;[1, 3, 4, 8, 9, 17, 18, 28, 30, 31, 33, 34, 35, 36, 40, 41, 43, 46, 47];Real Bed;3;;;;;10878099;True;False;;37.763257866312244;-122.40330905219565;p3;6;8;Entire home/apt;0;;0;550.0
10;[2, 4, 8, 12, 27, 30, 33, 34, 35, 36, 37, 38, 39, 44];Real Bed;3;10;10;10;100;11556039;False;False;10;37.797789000791845;-122.43952643328174;p3;2;4;Entire home/apt;1;10;1;305.0
10;[1, 2, 3, 4, 8, 21, 25, 27, 28, 30, 31, 32, 33, 34, 35, 36, 40, 41];Real Bed;4;10;10;10;98;3895911;False;True;9;37.766966999330585;-122.42284359024465;p3;2;15;Entire home/apt;133;9;25;349.0
10;[1, 2, 3, 4, 5, 8, 9, 12, 21, 28, 30, 31, 33, 34, 35, 36, 37, 38, 39, 40, 41, 43, 44, 45, 46, 47];Real Bed;5;10;10;10;100;7859868;True;False;10;37.800633243940716;-122.42402098265359;p3;4;29;Entire home/apt;180;10;6;1000.0
9;[1, 3, 4, 8, 27, 30, 31, 33, 34, 40, 41, 43, 44, 45, 46];Real Bed;4;10;9;9;88;3354928;False;False;9;37.78876370927932;-122.42989626898337;p3;6;16;Entire home/apt;697;8;56;350.0
;[1, 3, 4, 5, 8, 11, 30, 31, 35, 36, 37, 39, 40, 41, 45];Real Bed;3;;;;;11038085;True;False;;37.77317980184832;-122.4227680896565;p3;4;2;Entire home/apt;0;;0;650.0
10;[1, 2, 3, 4, 8, 30, 32, 35, 36, 37, 39, 47, 49, 50];Real Bed;5;10;10;10;100;15643873;False;False;10;37.76002177192383;-122.41981077797224;p3;10;10;Entire home/apt;80;10;3;450.0
10;[1, 2, 3, 4, 8, 9, 12, 17, 18, 28, 30, 31, 33, 34, 35, 39, 40, 41, 43, 44, 45, 46, 47];Real Bed;5;10;10;10;100;9164334;True;False;10;37.72845644704728;-122.43633316073844;p3;4;14;Entire home/apt;28;10;1;350.0
;[1, 2, 3, 4, 8, 21, 30, 33, 34, 35, 36, 40, 41, 45, 46, 47];Real Bed;4;;;;;4510831;False;True;;37.79594440669122;-122.42520187403292;p3;4;8;Entire home/apt;0;;0;500.0
10;[1, 3, 4, 8, 28, 30, 31, 33, 34, 35, 36, 40, 41, 43, 44, 45, 46, 47];Real Bed;5;10;10;10;97;12311665;False;True;9;37.7559364459085;-122.40974828488604;p3;8;27;Entire home/apt;112;9;13;499.0
9;[2, 4, 5, 6, 8, 30, 31, 33, 34, 35, 36, 39, 40, 41, 44, 45, 46, 47];Real Bed;4;9;9;10;90;1336798;False;False;9;37.771283685297064;-122.44822861513282;p3;8;21;Entire home/apt;485;9;75;400.0
10;[1, 3, 4, 8, 9, 18, 19, 30, 35, 36, 37, 40, 41, 44, 45, 46];Real Bed;5;10;10;10;96;4156390;True;True;9;37.73967314248477;-122.42694386011316;p3;2;16;Private room;1406;9;170;75.0
9;[1, 4, 8, 28, 35, 36, 41, 44, 45, 46, 47];Real Bed;4;10;9;10;88;4909117;True;False;8;37.78597782231996;-122.41476775168452;p3;2;11;Private room;505;9;160;69.0
9;[3, 4, 8, 16, 30, 33, 34, 40, 41, 49, 50];Real Bed;3;9;10;10;97;15287084;False;False;10;37.77366897605788;-122.43563870863031;p3;1;11;Private room;109;10;13;60.0
10;[1, 4, 5, 8, 30, 31, 33, 34, 35, 36, 37, 38, 39, 40, 41, 42, 44, 45, 46, 47, 50];Real Bed;4;10;10;10;99;13022499;False;True;9;37.724975076489265;-122.40501264150032;p3;2;24;Private room;298;10;55;59.0
8;[1, 4, 8, 21, 30, 33, 34, 35, 37, 39, 42, 43, 44, 45, 46, 47];Real Bed;3;9;8;8;70;15702583;True;False;10;37.785127513568824;-122.40726575939468;p3;2;1;Private room;96;7;8;65.0
9;[1, 3, 4, 8, 30, 35, 36, 37, 38, 39, 40];Real Bed;5;9;9;9;86;845480;False;False;8;37.70884574546091;-122.43076796235307;p3;2;17;Private room;1376;9;137;49.0
10;[1, 4, 8, 30, 35, 36, 39, 40, 41, 42, 44, 45, 46, 47, 49, 50];Real Bed;4;10;10;10;98;15383658;False;True;10;37.742942897225056;-122.41989923836123;p3;2;10;Private room;116;10;9;60.0
10;[1, 4, 8, 30, 35, 36, 37, 38, 39, 40, 41, 42, 44, 45, 46, 47];Real Bed;5;10;10;10;100;16362304;False;False;10;37.77984146441704;-122.50548312470745;p3;2;9;Private room;95;10;1;85.0
;[1, 3, 4, 8, 9, 11, 17, 19, 27, 28, 30, 31, 33, 34, 35, 36, 37, 38, 39, 40, 41, 42, 43, 44, 45, 46, 47];Real Bed;4;;;;;12253459;False;True;;37.74862870087196;-122.41652206545184;p3;2;4;Private room;0;;0;79.0
10;[1, 4, 8, 12, 17, 30, 35, 36, 39, 40, 41, 44, 45, 46, 47];Real Bed;4;10;10;10;98;9051149;False;True;10;37.766746199486136;-122.4402158487181;p3;2;39;Private room;1477;10;158;99.0
10;[1, 3, 4, 8, 30, 35, 37, 39, 40, 41, 44, 45, 47, 50];Real Bed;4;10;10;10;100;15903424;True;False;10;37.744790552344;-122.48813604052751;p3;2;13;Private room;79;10;7;89.0
9;[1, 3, 4, 17, 19, 30, 40, 43];Real Bed;4;10;7;10;84;5785978;False;False;9;37.76413014391372;-122.48368854359843;p3;3;2;Private room;207;8;41;55.0
10;[1, 3, 4, 8, 9, 11, 27, 28, 30, 31, 33, 34, 35, 36, 37, 38, 39, 40, 41, 42, 43, 44, 45, 46, 47];Real Bed;4;10;10;10;96;9188845;True;False;9;37.73227503760136;-122.41495034616825;p3;2;16;Private room;703;10;97;75.0
10;[3, 4, 12, 17, 19, 27, 30, 35, 36, 39, 40, 41, 44, 45, 47, 49, 50];Real Bed;3;10;10;10;98;6374167;False;False;10;37.76637208179826;-122.44670137754764;p3;2;6;Private room;145;10;9;80.0
10;[3, 4, 8, 11, 30, 40, 41];Real Bed;3;10;9;10;90;16467328;False;False;9;37.753979230755895;-122.4120545832078;p3;2;4;Private room;13;9;4;55.0
10;[1, 2, 3, 4, 5, 8, 27, 30, 33, 34, 35, 36, 37, 40, 41, 42, 43, 44, 45, 46, 47, 49, 50];Real Bed;4;10;10;9;94;9110032;True;False;9;37.77301326591141;-122.50108614649933;p3;2;16;Private room;567;9;80;100.0
9;[1, 2, 3, 4, 5, 9, 12, 15, 25, 27, 28, 30, 31, 33, 34, 35, 36, 37, 38, 39, 40, 41, 42, 43, 44, 45, 46, 47];Real Bed;4;9;8;9;88;7842054;True;False;9;37.70236636653348;-122.44954749191962;p3;4;42;Private room;478;9;107;89.0
10;[4, 30, 40, 41, 42, 44, 49, 50];Real Bed;4;10;10;10;88;16088162;False;False;10;37.7638845634711;-122.44610016316467;p3;1;5;Private room;64;10;5;56.0
10;[1, 2, 3, 4, 8, 28, 30, 33, 34, 35, 36, 37, 40, 41, 42, 44, 45, 46, 47, 49, 50];Real Bed;4;10;10;10;99;10615018;False;False;10;37.79497418083014;-122.41592076966303;p3;1;8;Private room;121;10;15;129.0
10;[1, 3, 4, 8, 16, 30, 35, 36, 37, 38, 39, 40, 41, 43, 44, 45, 46, 47, 51, 53];Real Bed;5;10;10;10;97;551865;True;True;10;37.76722683557038;-122.43768182231038;p3;3;50;Private room;419;9;148;145.0
10;[1, 2, 3, 4, 8, 21, 27, 28, 30, 33, 34, 35, 37, 39, 40, 41, 44, 45, 46, 47, 49, 50];Pull-out Sofa;4;10;10;10;97;10235526;False;True;9;37.78433981050458;-122.40585860936666;p3;2;14;Private room;51;10;19;185.0
9;[3, 4, 17, 18, 30, 31, 35, 39, 40, 41, 43, 44, 45, 46, 47];Futon;4;10;9;10;91;1931763;True;False;10;37.761181524663826;-122.41911105773256;p3;6;22;Private room;1173;9;113;150.0
10;[4, 30, 35, 40, 41, 44, 45, 46, 47, 49, 50];Real Bed;3;10;10;10;96;7547105;False;False;10;37.80165638628895;-122.44621127803133;p3;1;4;Private room;187;10;54;125.0
10;[1, 2, 3, 4, 30, 31, 35, 36, 39, 40, 41];Real Bed;3;10;10;10;98;1623609;False;True;9;37.75942336176793;-122.407542379533;p3;2;16;Private room;706;10;131;155.0
10;[1, 2, 3, 4, 8, 30, 31, 33, 34, 35, 36, 37, 38, 39, 40, 41, 44, 45, 46, 47];Real Bed;3;10;10;10;99;10940485;False;False;10;37.75309746814996;-122.41996790277354;p3;2;16;Private room;64;10;25;115.0
10;[2, 3, 4, 5, 8, 11, 27, 28, 30, 33, 34, 35, 36, 37, 38, 39, 40, 41, 44, 45, 46, 47, 49, 50];Real Bed;5;10;10;10;97;24463;False;True;10;37.756445953809276;-122.39910232220872;p3;2;32;Private room;790;9;195;144.0
9;[1, 2, 3, 4, 6, 8, 16, 21, 30, 31, 35, 40, 41, 42, 43, 44, 45, 46, 47, 57];Real Bed;5;10;10;10;98;9119249;False;False;10;37.779814649837256;-122.42189513924258;p3;2;7;Private room;35;10;13;140.0
10;[4, 8, 31, 33, 34, 40, 41, 44];Real Bed;3;10;9;10;93;13280184;True;False;9;37.778500845916135;-122.48812935502391;p3;4;5;Private room;28;10;9;120.0
10;[1, 2, 4, 8, 30, 31, 35, 36, 39, 40, 41, 43, 44, 45, 46];Real Bed;5;10;10;10;97;8167459;False;True;9;37.77812036763717;-122.50262060064073;p3;3;26;Private room;940;10;86;125.0
10;[1, 2, 4, 35, 36, 39, 40, 41, 42, 44, 45, 47, 49, 50];Real Bed;5;10;10;10;98;11949198;False;True;10;37.764062260664446;-122.43392452499067;p3;2;36;Private room;72;10;8;160.0
9;[1, 3, 4, 15, 21, 30, 35, 39, 40, 41, 42, 43, 44, 45, 46, 47];Real Bed;3;9;9;9;95;10099733;False;True;9;37.789091558070766;-122.40993367018474;p3;2;7;Private room;240;10;26;125.0
10;[3, 4, 8, 12, 25, 30, 35, 36, 39, 40, 41, 42, 43, 44, 45, 46, 47, 49, 50, 57];Real Bed;5;10;10;10;96;15662917;False;False;10;37.75024826035822;-122.43837020791786;p3;2;7;Private room;80;9;5;135.0
10;[1, 3, 4, 7, 8, 15, 21, 25, 28, 30, 33, 34, 35, 36, 40, 41, 42, 43, 44, 45, 46, 47, 49, 50];Real Bed;4;10;10;10;97;7333736;False;True;10;37.778277885037475;-122.39197892729155;p3;2;14;Private room;184;10;78;155.0
10;[1, 2, 3, 4, 27, 30, 35, 36, 37, 39, 40, 41, 42, 43, 44, 45, 46, 49, 50];Real Bed;4;10;10;10;98;8287266;False;True;10;37.7641359223436;-122.43188720587455;p3;2;8;Private room;374;10;79;150.0
10;[1, 2, 3, 4, 8, 16, 17, 19, 27, 30, 31, 32, 33, 34, 35, 36, 37, 39, 40, 41, 45, 46];Real Bed;5;10;10;10;98;3744863;False;False;10;37.75440406885643;-122.43006070407947;p3;5;27;Private room;668;10;114;165.0
;[1, 3, 4, 5, 8, 16, 17, 18, 27, 28, 30, 33, 34, 35, 36, 40, 43, 44, 46, 47, 49, 50];Real Bed;5;;;;;14936372;False;False;;37.75579968507963;-122.40989019830505;p3;2;14;Private room;0;;1;250.0
;[1, 3, 4, 8, 21, 27, 28, 30, 31, 33, 34, 35, 36, 40, 41, 42, 45, 46, 47];Real Bed;3;;;;;10435334;False;False;;37.77722392756981;-122.42298435296412;p3;2;4;Private room;0;;0;250.0
10;[1, 2, 4, 5, 14, 21, 25, 30, 31, 35, 40, 41, 42, 43, 44, 45, 46, 47];Real Bed;4;10;10;10;100;12382918;False;True;10;37.78754830967123;-122.4096229410295;p3;2;14;Private room;1;10;2;209.0
;[1, 2, 3, 4, 8, 30, 35, 36, 39, 40, 42, 47];Real Bed;5;;;;;10811617;False;False;;37.78450921313119;-122.4336060364221;p3;2;5;Private room;0;;0;250.0
;[1, 3, 4, 8, 28, 30, 33, 34, 35, 37, 39, 40, 41, 42, 43, 44, 46, 47];Real Bed;3;;;;;10593261;False;False;;37.8003961631575;-122.41883088661315;p3;1;3;Private room;0;;0;220.0
10;[1, 3, 4, 35];Real Bed;3;10;10;10;100;2644770;False;False;10;37.77815820965951;-122.39292194338006;p3;1;4;Private room;2;10;1;250.0
;[3, 4, 8, 12, 27, 28, 30, 31, 33, 34, 35, 40, 41, 50];Real Bed;3;;;;;6199643;False;False;;37.76311059510354;-122.42052659294893;p3;2;2;Private room;1;;0;462.0
;[1, 4, 5, 8, 9, 31, 33, 34, 35, 40, 41, 42];Real Bed;3;;;;;14501017;False;False;;37.76404567066194;-122.42724097239396;p3;2;11;Private room;1;;0;270.0
;[3, 4, 5, 8, 21, 28, 30, 31, 33, 34, 35, 36, 40, 42, 43, 47];Real Bed;3;;;;;10942561;False;False;;37.78962048276362;-122.42244349549723;p3;2;12;Private room;1;;0;260.0
;[1, 3, 4, 8, 16, 30, 35, 39, 40, 41, 42, 44, 45, 46, 47, 49, 50];Real Bed;5;;;;;15499467;False;False;;37.79378105830192;-122.41888102305104;p3;4;32;Private room;6;;0;260.0
9;[1, 2, 3, 4, 8, 9, 30, 31, 35, 36, 37, 38, 39, 40, 41, 43, 44, 45, 46, 47];Real Bed;5;9;9;8;90;8595304;False;False;10;37.74655646935907;-122.43745432894188;p3;1;6;Private room;2;9;3;225.0
;[1, 3, 4, 5, 8, 9, 28, 30, 31, 33, 34, 35, 37, 40];Real Bed;3;;;;;7439070;False;False;;37.76158962049699;-122.41964079150107;p3;4;4;Private room;0;;0;220.0
6;[1, 4, 8, 15, 17, 19, 30, 33, 34, 35, 36, 41, 45, 49, 50];Pull-out Sofa;4;10;4;10;60;10434779;False;False;10;37.77774977909702;-122.41968959038428;p3;2;4;Private room;8;6;2;250.0
;[1, 3, 4, 8, 21, 27, 30, 33, 34, 35, 36, 39, 40, 41, 44, 45, 46, 49, 50];Real Bed;3;;;;;14653150;False;False;;37.803833075363904;-122.4199495246039;p3;2;20;Private room;1;;0;250.0
;[1, 3, 4, 8, 31, 40, 41, 45];Real Bed;4;;;;;15767699;True;False;;37.772685296742615;-122.42996564044415;p3;2;8;Private room;10;;1;320.0
;[1, 4, 8, 27, 30, 33, 34, 40, 41, 44, 45, 46, 47];Pull-out Sofa;5;;;;;10656597;False;False;;37.76923846163417;-122.450827235286;p3;2;7;Private room;1;;0;399.0
;[1, 4, 8, 30, 33, 34, 35, 40, 41, 42, 44, 45, 46, 47];Real Bed;3;;;;;13389922;False;False;;37.792338147443246;-122.42357929797808;p3;2;7;Private room;0;;0;306.0
;[1, 3, 4, 8, 27, 28, 30, 33, 34, 35, 36, 40, 42];Real Bed;3;;;;;10884865;False;False;;37.759864598946976;-122.42386132956184;p3;4;13;Private room;0;;0;450.0
;[12, 49, 50];Real Bed;3;;;;;12756507;True;False;;37.77641187975943;-122.41336524635418;p3;1;1;Private room;1;;0;9996.0
;[];Real Bed;3;;;;;11020738;False;False;;37.73062976669565;-122.4894439973423;p3;2;1;Private room;0;;0;700.0
;[1, 3, 4, 8, 9, 12, 17, 18, 27, 30, 33, 34, 40, 43, 44, 45, 46, 47];Real Bed;3;;;;;10783912;False;False;;37.73282388021154;-122.42222334880428;p3;2;1;Private room;0;;0;350.0
;[1, 4, 7, 8, 9, 21, 27, 28, 33, 34];Real Bed;3;;;;;8155037;False;False;;37.75268858338807;-122.43069170914379;p3;2;8;Private room;1;;0;920.0
